{"type":"FeatureCollection","crs":{"type":"name","properties":{"name":"EPSG:2926"}},"features":[{"type":"Feature","id":1,"geometry":{"type":"LineString","coordinates":[[1270711.71833506,223088.620549142],[1270583.69464096,223305.234617233]]},"properties":{"OBJECTID":1,"SegID":"2nd","GroupID":"2nd","OutsideSEA":0,"Shape_Leng":251.61820432,"Tier_updat":"Medium","Comments":" "}},{"type":"Feature","id":2,"geometry":{"type":"LineString","coordinates":[[1269275.70939605,225514.870945975],[1269058.77315013,225881.387273312]]},"properties":{"OBJECTID":2,"SegID":"2nd","GroupID":"2nd","OutsideSEA":0,"Shape_Leng":425.905568169,"Tier_updat":"Medium","Comments":" "}},{"type":"Feature","id":3,"geometry":{"type":"LineString","coordinates":[[1271135.63940322,223079.439137056],[1271016.91719972,223205.607519895],[1270861.00150105,223468.961651981]]},"properties":{"OBJECTID":3,"SegID":"3rd Ave","GroupID":"3rd Ave","OutsideSEA":0,"Shape_Leng":479.291375475,"Tier_updat":"High","Comments":" "}},{"type":"Feature","id":4,"geometry":{"type":"LineString","coordinates":[[1268590.53819422,227026.243907481],[1268579.41321647,227036.3380474],[1268275.38200039,227312.909016564]]},"properties":{"OBJECTID":4,"SegID":"3rd Ave","GroupID":"3rd Ave","OutsideSEA":0,"Shape_Leng":426.028545311,"Tier_updat":"High","Comments":" "}},{"type":"Feature","id":5,"geometry":{"type":"LineString","coordinates":[[1270791.77690198,224850.685594559],[1270635.75326389,225114.057443142]]},"properties":{"OBJECTID":5,"SegID":"Downtown - Other","GroupID":"Downtown - Other","OutsideSEA":0,"Shape_Leng":306.117798024,"Tier_updat":"Medium","Comments":" "}},{"type":"Feature","id":6,"geometry":{"type":"LineString","coordinates":[[1269672.54226381,226740.20018822],[1269580.30458739,226896.027960554],[1269455.29466681,227106.849389315]]},"properties":{"OBJECTID":6,"SegID":"Downtown - Other","GroupID":"Downtown - Other","OutsideSEA":0,"Shape_Leng":426.178579508,"Tier_updat":"Medium","Comments":" "}},{"type":"Feature","id":7,"geometry":{"type":"LineString","coordinates":[[1273145.73380822,223399.357788563],[1273022.15006588,223608.671018228],[1272991.09894688,223663.168284565]]},"properties":{"OBJECTID":7,"SegID":"Downtown - Other","GroupID":"Downtown - Other","OutsideSEA":0,"Shape_Leng":305.796595857,"Tier_updat":"Low","Comments":" "}},{"type":"Feature","id":8,"geometry":{"type":"LineString","coordinates":[[1272523.24194297,224452.924579054],[1272367.12644155,224716.54380247]]},"properties":{"OBJECTID":8,"SegID":"Downtown - Other","GroupID":"Downtown - Other","OutsideSEA":0,"Shape_Leng":306.377454682,"Tier_updat":"Low","Comments":" "}},{"type":"Feature","id":9,"geometry":{"type":"LineString","coordinates":[[1270638.71126322,228645.098281309],[1270323.67908488,228931.685634643]]},"properties":{"OBJECTID":9,"SegID":"Boren","GroupID":"Boren","OutsideSEA":0,"Shape_Leng":425.884473164,"Tier_updat":"High","Comments":" "}},{"type":"Feature","id":10,"geometry":{"type":"LineString","coordinates":[[1266650.29437131,228791.152123064],[1266866.8569303,229029.233339816]]},"properties":{"OBJECTID":10,"SegID":"Downtown - Other","GroupID":"Downtown - Other","OutsideSEA":0,"Shape_Leng":321.841587941,"Tier_updat":"Medium","Comments":" "}},{"type":"Feature","id":11,"geometry":{"type":"LineString","coordinates":[[1269455.29466681,227106.849389315],[1269732.77639531,227270.995058388]]},"properties":{"OBJECTID":11,"SegID":"Downtown - Other","GroupID":"Downtown - Other","OutsideSEA":0,"Shape_Leng":322.397131382,"Tier_updat":"Medium","Comments":" "}},{"type":"Feature","id":12,"geometry":{"type":"LineString","coordinates":[[1272973.33290631,226853.493596807],[1273197.86854647,226988.043852642],[1273230.8087693,227059.110967726]]},"properties":{"OBJECTID":12,"SegID":"Downtown - Other","GroupID":"Downtown - Other","OutsideSEA":0,"Shape_Leng":340.093326639,"Tier_updat":"Medium","Comments":" "}},{"type":"Feature","id":13,"geometry":{"type":"LineString","coordinates":[[1269772.35932139,227692.635291219],[1269989.01735264,227930.863489315]]},"properties":{"OBJECTID":13,"SegID":"Downtown - Other","GroupID":"Downtown - Other","OutsideSEA":0,"Shape_Leng":322.014560036,"Tier_updat":"High","Comments":" "}},{"type":"Feature","id":14,"geometry":{"type":"LineString","coordinates":[[1268807.25921747,227264.457341805],[1269023.91724873,227502.639936313]]},"properties":{"OBJECTID":14,"SegID":"Downtown - Other","GroupID":"Downtown - Other","OutsideSEA":0,"Shape_Leng":321.980823705,"Tier_updat":"High","Comments":" "}},{"type":"Feature","id":15,"geometry":{"type":"LineString","coordinates":[[1271135.63940322,223079.439137056],[1271173.49529864,223078.605477303],[1271442.45801531,223075.344000891]]},"properties":{"OBJECTID":15,"SegID":"Downtown","GroupID":"Downtown","OutsideSEA":0,"Shape_Leng":306.847564182,"Tier_updat":"Low","Comments":" "}},{"type":"Feature","id":16,"geometry":{"type":"LineString","coordinates":[[1273314.4129328,227146.934282899],[1273558.80680098,227135.808977053],[1274551.86747889,227089.594502553]]},"properties":{"OBJECTID":16,"SegID":"Downtown - Other","GroupID":"Downtown - Other","OutsideSEA":0,"Shape_Leng":244.646960401,"Tier_updat":"Medium","Comments":" "}},{"type":"Feature","id":17,"geometry":{"type":"LineString","coordinates":[[1273770.6167448,223021.853622302],[1273814.64618431,223020.888401136],[1274136.6494773,223013.822798476],[1274204.36194031,223012.329363137]]},"properties":{"OBJECTID":17,"SegID":"Downtown - Other","GroupID":"Downtown - Other","OutsideSEA":0,"Shape_Leng":433.849751038,"Tier_updat":"High","Comments":" "}},{"type":"Feature","id":18,"geometry":{"type":"LineString","coordinates":[[1273145.73380822,223399.357788563],[1273491.95129164,223390.240024641]]},"properties":{"OBJECTID":18,"SegID":"Downtown - Other","GroupID":"Downtown - Other","OutsideSEA":0,"Shape_Leng":346.337522429,"Tier_updat":"Low","Comments":" "}},{"type":"Feature","id":19,"geometry":{"type":"LineString","coordinates":[[1270583.69464096,223305.234617233],[1270430.29599763,223564.38764222],[1270427.74875864,223568.689470887]]},"properties":{"OBJECTID":19,"SegID":"2nd","GroupID":"2nd","OutsideSEA":0,"Shape_Leng":306.14960095,"Tier_updat":"Medium","Comments":" "}},{"type":"Feature","id":20,"geometry":{"type":"LineString","coordinates":[[1270116.02070755,224095.413154975],[1269960.27101906,224358.527130052]]},"properties":{"OBJECTID":20,"SegID":"2nd","GroupID":"2nd","OutsideSEA":0,"Shape_Leng":305.756323477,"Tier_updat":"Medium","Comments":" "}},{"type":"Feature","id":21,"geometry":{"type":"LineString","coordinates":[[1269648.58365031,224885.038544223],[1269492.70929013,225148.309015065]]},"properties":{"OBJECTID":21,"SegID":"2nd","GroupID":"2nd","OutsideSEA":0,"Shape_Leng":305.954501482,"Tier_updat":"Medium","Comments":" "}},{"type":"Feature","id":22,"geometry":{"type":"LineString","coordinates":[[1271431.70672446,221871.895292312],[1271408.54076031,221911.072379306],[1271389.86297613,221942.658602223],[1271377.87087414,221962.938417315],[1271353.92604014,222003.432758898],[1271348.36371531,222012.838908061],[1271317.98877606,222064.206587479],[1271288.14795648,222114.67072539],[1271284.47211081,222120.887576476],[1271282.15518631,222124.80554764],[1271262.38521272,222158.239535898]]},"properties":{"OBJECTID":22,"SegID":"Downtown","GroupID":"Downtown","OutsideSEA":0,"Shape_Leng":332.660187253,"Tier_updat":"High","Comments":" "}},{"type":"Feature","id":23,"geometry":{"type":"LineString","coordinates":[[1269770.02599272,225312.218136057],[1269552.96146622,225678.756444976]]},"properties":{"OBJECTID":23,"SegID":"3rd Ave","GroupID":"3rd Ave","OutsideSEA":0,"Shape_Leng":425.989836227,"Tier_updat":"High","Comments":" "}},{"type":"Feature","id":24,"geometry":{"type":"LineString","coordinates":[[1268275.38200039,227312.909016564],[1267960.03781481,227599.75391531]]},"properties":{"OBJECTID":24,"SegID":"3rd Ave","GroupID":"3rd Ave","OutsideSEA":0,"Shape_Leng":426.288577507,"Tier_updat":"High","Comments":" "}},{"type":"Feature","id":25,"geometry":{"type":"LineString","coordinates":[[1267329.92326139,228173.007690057],[1267103.35580114,228379.042711064]]},"properties":{"OBJECTID":25,"SegID":"3rd Ave","GroupID":"3rd Ave","OutsideSEA":0,"Shape_Leng":306.240500142,"Tier_updat":"High","Comments":" "}},{"type":"Feature","id":26,"geometry":{"type":"LineString","coordinates":[[1271294.1239944,223369.603582978],[1271138.34149756,223632.656862646]]},"properties":{"OBJECTID":26,"SegID":"4th","GroupID":"4th","OutsideSEA":0,"Shape_Leng":305.720810979,"Tier_updat":"Medium","Comments":" "}},{"type":"Feature","id":27,"geometry":{"type":"LineString","coordinates":[[1270358.49331972,224949.804818898],[1270202.90603247,225213.225223809]]},"properties":{"OBJECTID":27,"SegID":"4th","GroupID":"4th","OutsideSEA":0,"Shape_Leng":305.937434252,"Tier_updat":"Medium","Comments":" "}},{"type":"Feature","id":28,"geometry":{"type":"LineString","coordinates":[[1271450.89041314,222766.587400556],[1271444.31529506,222460.464981303]]},"properties":{"OBJECTID":28,"SegID":"Downtown","GroupID":"Downtown","OutsideSEA":0,"Shape_Leng":306.193023675,"Tier_updat":"High","Comments":" "}},{"type":"Feature","id":29,"geometry":{"type":"LineString","coordinates":[[1271571.32816438,223533.751548648],[1271415.52532639,223796.863883317]]},"properties":{"OBJECTID":29,"SegID":"Downtown - Other","GroupID":"Downtown - Other","OutsideSEA":0,"Shape_Leng":305.781989304,"Tier_updat":"Medium","Comments":" "}},{"type":"Feature","id":30,"geometry":{"type":"LineString","coordinates":[[1269455.29466681,227106.849389315],[1269339.04260272,227215.989590973]]},"properties":{"OBJECTID":30,"SegID":"Downtown - Other","GroupID":"Downtown - Other","OutsideSEA":0,"Shape_Leng":159.455718066,"Tier_updat":"Medium","Comments":" "}},{"type":"Feature","id":31,"geometry":{"type":"LineString","coordinates":[[1272367.12644155,224716.54380247],[1272211.12675355,224979.812960982]]},"properties":{"OBJECTID":31,"SegID":"Downtown - Other","GroupID":"Downtown - Other","OutsideSEA":0,"Shape_Leng":306.017242128,"Tier_updat":"Low","Comments":" "}},{"type":"Feature","id":32,"geometry":{"type":"LineString","coordinates":[[1267546.45169972,228411.091203392],[1267614.57787581,228485.964741305],[1267763.1700983,228649.283312306]]},"properties":{"OBJECTID":32,"SegID":"Downtown","GroupID":"Downtown","OutsideSEA":0,"Shape_Leng":322.028484848,"Tier_updat":"High","Comments":" "}},{"type":"Feature","id":33,"geometry":{"type":"LineString","coordinates":[[1269442.42198914,223342.820171982],[1269487.66763355,223368.355225891],[1269540.38964097,223399.048405975]]},"properties":{"OBJECTID":33,"SegID":"Downtown","GroupID":"Downtown","OutsideSEA":0,"Shape_Leng":112.959480808,"Tier_updat":"High","Comments":" "}},{"type":"Feature","id":34,"geometry":{"type":"LineString","coordinates":[[1268905.77509655,226739.552223638],[1269168.47863939,226935.948156312]]},"properties":{"OBJECTID":34,"SegID":"Downtown - Other","GroupID":"Downtown - Other","OutsideSEA":0,"Shape_Leng":328.000783221,"Tier_updat":"Medium","Comments":" "}},{"type":"Feature","id":35,"geometry":{"type":"LineString","coordinates":[[1270009.60917497,227435.384821475],[1270287.0804048,227598.171897471]]},"properties":{"OBJECTID":35,"SegID":"Downtown - Other","GroupID":"Downtown - Other","OutsideSEA":0,"Shape_Leng":321.698485384,"Tier_updat":"Medium","Comments":" "}},{"type":"Feature","id":36,"geometry":{"type":"LineString","coordinates":[[1270479.87168589,225377.276076809],[1270756.56043698,225541.207179397]]},"properties":{"OBJECTID":36,"SegID":"Downtown - Other","GroupID":"Downtown - Other","OutsideSEA":0,"Shape_Leng":321.605459179,"Tier_updat":"Medium","Comments":" "}},{"type":"Feature","id":37,"geometry":{"type":"LineString","coordinates":[[1272696.3059013,226689.518531054],[1272958.30701773,226844.594992563],[1272973.33290631,226853.493596807]]},"properties":{"OBJECTID":37,"SegID":"Downtown - Other","GroupID":"Downtown - Other","OutsideSEA":0,"Shape_Leng":321.918909041,"Tier_updat":"Medium","Comments":" "}},{"type":"Feature","id":38,"geometry":{"type":"LineString","coordinates":[[1269023.91724873,227502.639936313],[1269240.54444014,227740.773974478]]},"properties":{"OBJECTID":38,"SegID":"Downtown - Other","GroupID":"Downtown - Other","OutsideSEA":0,"Shape_Leng":321.924152854,"Tier_updat":"High","Comments":" "}},{"type":"Feature","id":39,"geometry":{"type":"LineString","coordinates":[[1267753.06742822,229094.384456232],[1267894.13768414,229241.832652137],[1267954.55422997,229285.582892731]]},"properties":{"OBJECTID":39,"SegID":"Downtown","GroupID":"Downtown","OutsideSEA":0,"Shape_Leng":278.657045772,"Tier_updat":"High","Comments":" "}},{"type":"Feature","id":40,"geometry":{"type":"LineString","coordinates":[[1273485.5779448,223028.103937894],[1273770.6167448,223021.853622302]]},"properties":{"OBJECTID":40,"SegID":"Downtown - Other","GroupID":"Downtown - Other","OutsideSEA":0,"Shape_Leng":285.107320059,"Tier_updat":"High","Comments":" "}},{"type":"Feature","id":41,"geometry":{"type":"LineString","coordinates":[[1269960.27101906,224358.527130052],[1269804.42717063,224621.804490641]]},"properties":{"OBJECTID":41,"SegID":"2nd","GroupID":"2nd","OutsideSEA":0,"Shape_Leng":305.944886686,"Tier_updat":"Medium","Comments":" "}},{"type":"Feature","id":42,"geometry":{"type":"LineString","coordinates":[[1268841.74143197,226247.981356397],[1268756.58445005,226391.838680223],[1268695.3808323,226495.19477272],[1268688.88084531,226501.115692645]]},"properties":{"OBJECTID":42,"SegID":"2nd","GroupID":"2nd","OutsideSEA":0,"Shape_Leng":296.083064324,"Tier_updat":"Medium","Comments":" "}},{"type":"Feature","id":43,"geometry":{"type":"LineString","coordinates":[[1271262.38521272,222158.239535898],[1271104.24707755,222450.768806472]]},"properties":{"OBJECTID":43,"SegID":"Downtown","GroupID":"Downtown","OutsideSEA":0,"Shape_Leng":332.537282025,"Tier_updat":"High","Comments":" "}},{"type":"Feature","id":44,"geometry":{"type":"LineString","coordinates":[[1270861.00150105,223468.961651981],[1270704.83481863,223732.754759565]]},"properties":{"OBJECTID":44,"SegID":"3rd Ave","GroupID":"3rd Ave","OutsideSEA":0,"Shape_Leng":306.553154131,"Tier_updat":"High","Comments":" "}},{"type":"Feature","id":45,"geometry":{"type":"LineString","coordinates":[[1267960.03781481,227599.75391531],[1267645.02236871,227886.307476059]]},"properties":{"OBJECTID":45,"SegID":"3rd Ave","GroupID":"3rd Ave","OutsideSEA":0,"Shape_Leng":425.84935653,"Tier_updat":"High","Comments":" "}},{"type":"Feature","id":46,"geometry":{"type":"LineString","coordinates":[[1267103.35580114,228379.042711064],[1266876.6994303,228585.211261973]]},"properties":{"OBJECTID":46,"SegID":"3rd Ave","GroupID":"3rd Ave","OutsideSEA":0,"Shape_Leng":306.396119139,"Tier_updat":"High","Comments":" "}},{"type":"Feature","id":47,"geometry":{"type":"LineString","coordinates":[[1271461.3162453,223098.43024081],[1271344.2318338,223284.650996983]]},"properties":{"OBJECTID":47,"SegID":"4th","GroupID":"4th","OutsideSEA":0,"Shape_Leng":219.970292191,"Tier_updat":"Medium","Comments":" "}},{"type":"Feature","id":48,"geometry":{"type":"LineString","coordinates":[[1270670.3375123,224423.093273893],[1270514.46282406,224686.48087047]]},"properties":{"OBJECTID":48,"SegID":"4th","GroupID":"4th","OutsideSEA":0,"Shape_Leng":306.055459785,"Tier_updat":"Medium","Comments":" "}},{"type":"Feature","id":49,"geometry":{"type":"LineString","coordinates":[[1270947.52921514,224587.313745975],[1270791.77690198,224850.685594559]]},"properties":{"OBJECTID":49,"SegID":"Downtown - Other","GroupID":"Downtown - Other","OutsideSEA":0,"Shape_Leng":305.979596841,"Tier_updat":"Medium","Comments":" "}},{"type":"Feature","id":50,"geometry":{"type":"LineString","coordinates":[[1270479.87168589,225377.276076809],[1270372.14552338,225559.084112138],[1270323.90283772,225640.494382396]]},"properties":{"OBJECTID":50,"SegID":"Downtown - Other","GroupID":"Downtown - Other","OutsideSEA":0,"Shape_Leng":305.957771654,"Tier_updat":"Medium","Comments":" "}},{"type":"Feature","id":51,"geometry":{"type":"LineString","coordinates":[[1269889.86794464,226373.271132052],[1269878.82892472,226391.832774729],[1269756.9102053,226597.723439053],[1269672.54226381,226740.20018822]]},"properties":{"OBJECTID":51,"SegID":"Downtown - Other","GroupID":"Downtown - Other","OutsideSEA":0,"Shape_Leng":426.45916028,"Tier_updat":"Medium","Comments":" "}},{"type":"Feature","id":52,"geometry":{"type":"LineString","coordinates":[[1272055.20318089,225242.998786315],[1271977.46810015,225374.239665553],[1271899.27960822,225506.256789982]]},"properties":{"OBJECTID":52,"SegID":"Downtown - Other","GroupID":"Downtown - Other","OutsideSEA":0,"Shape_Leng":305.968849787,"Tier_updat":"Low","Comments":" "}},{"type":"Feature","id":53,"geometry":{"type":"LineString","coordinates":[[1269725.60449363,222191.765059397],[1269720.30299506,221894.553055391],[1269719.36730139,221838.898967221]]},"properties":{"OBJECTID":53,"SegID":"Alaskan Way","GroupID":"Alaskan Way","OutsideSEA":0,"Shape_Leng":352.921236169,"Tier_updat":"High","Comments":" "}},{"type":"Feature","id":54,"geometry":{"type":"LineString","coordinates":[[1268715.33387639,217401.003315479],[1268720.87290731,215134.943215057]]},"properties":{"OBJECTID":54,"SegID":"Alaskan Way","GroupID":"Alaskan Way","OutsideSEA":0,"Shape_Leng":2266.06687006,"Tier_updat":"High","Comments":" "}},{"type":"Feature","id":55,"geometry":{"type":"LineString","coordinates":[[1267763.1700983,228649.283312306],[1267931.93058756,228847.447614148],[1267941.89546263,228861.772060558],[1267947.50076638,228876.719537228],[1267953.7287723,228910.351031646]]},"properties":{"OBJECTID":55,"SegID":"Downtown","GroupID":"Downtown","OutsideSEA":0,"Shape_Leng":327.90355917,"Tier_updat":"High","Comments":" "}},{"type":"Feature","id":56,"geometry":{"type":"LineString","coordinates":[[1273485.5779448,223028.103937894],[1273486.60681413,223086.59397839],[1273491.45851047,223362.244673803],[1273491.95129164,223390.240024641]]},"properties":{"OBJECTID":56,"SegID":"Downtown - Other","GroupID":"Downtown - Other","OutsideSEA":0,"Shape_Leng":362.192165675,"Tier_updat":"High","Comments":" "}},{"type":"Feature","id":57,"geometry":{"type":"LineString","coordinates":[[1270271.92328289,223832.000295982],[1270372.14224255,223891.314809889],[1270549.05330606,223996.000952229]]},"properties":{"OBJECTID":57,"SegID":"Downtown","GroupID":"Downtown","OutsideSEA":0,"Shape_Leng":322.020597375,"Tier_updat":"High","Comments":" "}},{"type":"Feature","id":58,"geometry":{"type":"LineString","coordinates":[[1269732.77639531,227270.995058388],[1270009.60917497,227435.384821475]]},"properties":{"OBJECTID":58,"SegID":"Downtown - Other","GroupID":"Downtown - Other","OutsideSEA":0,"Shape_Leng":321.963324158,"Tier_updat":"Medium","Comments":" "}},{"type":"Feature","id":59,"geometry":{"type":"LineString","coordinates":[[1270202.90603247,225213.225223809],[1270372.15175697,225313.467805475],[1270479.87168589,225377.276076809]]},"properties":{"OBJECTID":59,"SegID":"Downtown - Other","GroupID":"Downtown - Other","OutsideSEA":0,"Shape_Leng":321.904730624,"Tier_updat":"Medium","Comments":" "}},{"type":"Feature","id":60,"geometry":{"type":"LineString","coordinates":[[1271864.80198689,226197.285919726],[1272086.56532289,226328.518596888],[1272142.05208856,226361.369909137]]},"properties":{"OBJECTID":60,"SegID":"Downtown - Other","GroupID":"Downtown - Other","OutsideSEA":0,"Shape_Leng":322.166378152,"Tier_updat":"Medium","Comments":" "}},{"type":"Feature","id":61,"geometry":{"type":"LineString","coordinates":[[1269555.57661848,227454.031109646],[1269772.35932139,227692.635291219]]},"properties":{"OBJECTID":61,"SegID":"Downtown - Other","GroupID":"Downtown - Other","OutsideSEA":0,"Shape_Leng":322.376636474,"Tier_updat":"High","Comments":" "}},{"type":"Feature","id":62,"geometry":{"type":"LineString","coordinates":[[1269240.54444014,227740.773974478],[1269384.19179064,227898.660141647]]},"properties":{"OBJECTID":62,"SegID":"Downtown - Other","GroupID":"Downtown - Other","OutsideSEA":0,"Shape_Leng":213.453983543,"Tier_updat":"High","Comments":" "}},{"type":"Feature","id":63,"geometry":{"type":"LineString","coordinates":[[1270107.11521356,228693.592278808],[1270265.39737731,228867.55584164]]},"properties":{"OBJECTID":63,"SegID":"Downtown - Other","GroupID":"Downtown - Other","OutsideSEA":0,"Shape_Leng":235.194737517,"Tier_updat":"High","Comments":" "}},{"type":"Feature","id":64,"geometry":{"type":"LineString","coordinates":[[1267103.35580114,228379.042711064],[1267319.67065722,228617.283048227]]},"properties":{"OBJECTID":64,"SegID":"Downtown","GroupID":"Downtown","OutsideSEA":0,"Shape_Leng":321.792751959,"Tier_updat":"High","Comments":" "}},{"type":"Feature","id":65,"geometry":{"type":"LineString","coordinates":[[1271442.45801531,223075.344000891],[1271602.18965122,223069.31481348],[1271697.14188914,223067.210486978],[1271849.57039006,223063.895532981],[1271973.42808197,223061.188845471],[1272101.01870605,223058.426383808]]},"properties":{"OBJECTID":65,"SegID":"Downtown - Other","GroupID":"Downtown - Other","OutsideSEA":0,"Shape_Leng":658.793268159,"Tier_updat":"Low","Comments":" "}},{"type":"Feature","id":66,"geometry":{"type":"LineString","coordinates":[[1265122.29349031,229308.908961564],[1265044.4967299,229359.511222556]]},"properties":{"OBJECTID":66,"SegID":"Downtown - Other","GroupID":"Downtown - Other","OutsideSEA":0,"Shape_Leng":92.8058443623,"Tier_updat":"High","Comments":" "}},{"type":"Feature","id":67,"geometry":{"type":"LineString","coordinates":[[1270081.55424106,224785.947535053],[1269925.77371272,225049.091693804]]},"properties":{"OBJECTID":67,"SegID":"3rd Ave","GroupID":"3rd Ave","OutsideSEA":0,"Shape_Leng":305.798007341,"Tier_updat":"High","Comments":" "}},{"type":"Feature","id":68,"geometry":{"type":"LineString","coordinates":[[1269612.96397088,226209.446656555],[1269514.0445493,226376.433199227],[1269395.97818439,226576.08896789]]},"properties":{"OBJECTID":68,"SegID":"4th","GroupID":"4th","OutsideSEA":0,"Shape_Leng":426.039249595,"Tier_updat":"Medium","Comments":" "}},{"type":"Feature","id":69,"geometry":{"type":"LineString","coordinates":[[1271778.9120668,223055.120616138],[1271780.04198581,223115.308159813],[1271777.59514031,223150.57383731],[1271771.57973239,223180.651533052],[1271763.55907914,223204.713164732],[1271726.96958539,223270.89544706]]},"properties":{"OBJECTID":69,"SegID":"Downtown - Other","GroupID":"Downtown - Other","OutsideSEA":0,"Shape_Leng":227.208470103,"Tier_updat":"Medium","Comments":" "}},{"type":"Feature","id":70,"geometry":{"type":"LineString","coordinates":[[1270323.90283772,225640.494382396],[1270219.08119698,225817.456626892],[1270126.20802313,225974.247979969],[1270123.65619098,225978.555386066],[1270106.84027973,226006.944764972]]},"properties":{"OBJECTID":70,"SegID":"Downtown - Other","GroupID":"Downtown - Other","OutsideSEA":0,"Shape_Leng":425.913180101,"Tier_updat":"Medium","Comments":" "}},{"type":"Feature","id":71,"geometry":{"type":"LineString","coordinates":[[1265975.94663864,228969.527094394],[1266059.54227197,229061.450795054],[1266192.46064131,229207.598468646]]},"properties":{"OBJECTID":71,"SegID":"Downtown - Other","GroupID":"Downtown - Other","OutsideSEA":0,"Shape_Leng":321.801635535,"Tier_updat":"High","Comments":" "}},{"type":"Feature","id":72,"geometry":{"type":"LineString","coordinates":[[1269384.19179064,227898.660141647],[1269457.39013505,227979.276122138]]},"properties":{"OBJECTID":72,"SegID":"Downtown - Other","GroupID":"Downtown - Other","OutsideSEA":0,"Shape_Leng":108.889549245,"Tier_updat":"High","Comments":" "}},{"type":"Feature","id":73,"geometry":{"type":"LineString","coordinates":[[1269058.77315013,225881.387273312],[1268841.74143197,226247.981356397]]},"properties":{"OBJECTID":73,"SegID":"2nd","GroupID":"2nd","OutsideSEA":0,"Shape_Leng":426.021112673,"Tier_updat":"Medium","Comments":" "}},{"type":"Feature","id":74,"geometry":{"type":"LineString","coordinates":[[1271103.33894289,224324.150558397],[1270947.52921514,224587.313745975]]},"properties":{"OBJECTID":74,"SegID":"Downtown - Other","GroupID":"Downtown - Other","OutsideSEA":0,"Shape_Leng":305.829257194,"Tier_updat":"Medium","Comments":" "}},{"type":"Feature","id":75,"geometry":{"type":"LineString","coordinates":[[1271118.43372898,228090.247356892],[1271342.45165364,228222.846501142],[1271395.43120646,228254.205362305],[1271515.35321072,228344.906296387]]},"properties":{"OBJECTID":75,"SegID":"Downtown - Other","GroupID":"Downtown - Other","OutsideSEA":0,"Shape_Leng":321.884808703,"Tier_updat":"Medium","Comments":" "}},{"type":"Feature","id":76,"geometry":{"type":"LineString","coordinates":[[1266424.01070313,228996.977826893],[1266360.42585656,229054.813997313],[1266192.46064131,229207.598468646]]},"properties":{"OBJECTID":76,"SegID":"3rd Ave","GroupID":"3rd Ave","OutsideSEA":0,"Shape_Leng":313.011958026,"Tier_updat":"High","Comments":" "}},{"type":"Feature","id":77,"geometry":{"type":"LineString","coordinates":[[1270323.67908488,228931.685634643],[1270283.38421798,228968.342057392],[1270267.15656014,228983.091699809]]},"properties":{"OBJECTID":77,"SegID":"Downtown - Other","GroupID":"Downtown - Other","OutsideSEA":0,"Shape_Leng":76.4027457598,"Tier_updat":"High","Comments":" "}},{"type":"Feature","id":78,"geometry":{"type":"LineString","coordinates":[[1270265.39737731,228867.55584164],[1270267.15656014,228983.091699809]]},"properties":{"OBJECTID":78,"SegID":"Downtown - Other","GroupID":"Downtown - Other","OutsideSEA":0,"Shape_Leng":115.54925031,"Tier_updat":"High","Comments":" "}},{"type":"Feature","id":79,"geometry":{"type":"LineString","coordinates":[[1269122.47873139,226977.831274644],[1269339.04260272,227215.989590973]]},"properties":{"OBJECTID":79,"SegID":"Downtown - Other","GroupID":"Downtown - Other","OutsideSEA":0,"Shape_Leng":321.899509163,"Tier_updat":"High","Comments":" "}},{"type":"Feature","id":80,"geometry":{"type":"LineString","coordinates":[[1269804.42717063,224621.804490641],[1269648.58365031,224885.038544223]]},"properties":{"OBJECTID":80,"SegID":"2nd","GroupID":"2nd","OutsideSEA":0,"Shape_Leng":305.907452988,"Tier_updat":"Medium","Comments":" "}},{"type":"Feature","id":81,"geometry":{"type":"LineString","coordinates":[[1271135.63940322,223079.439137056],[1271135.62332714,223078.717353731],[1271128.8680913,222773.459762141]]},"properties":{"OBJECTID":81,"SegID":"Downtown","GroupID":"Downtown","OutsideSEA":0,"Shape_Leng":306.054290189,"Tier_updat":"High","Comments":" "}},{"type":"Feature","id":82,"geometry":{"type":"LineString","coordinates":[[1270514.46282406,224686.48087047],[1270372.14946039,224926.746794149],[1270358.49331972,224949.804818898]]},"properties":{"OBJECTID":82,"SegID":"4th","GroupID":"4th","OutsideSEA":0,"Shape_Leng":306.048996269,"Tier_updat":"Medium","Comments":" "}},{"type":"Feature","id":83,"geometry":{"type":"LineString","coordinates":[[1271461.3162453,223098.43024081],[1271450.89041314,222766.587400556]]},"properties":{"OBJECTID":83,"SegID":"4th","GroupID":"4th","OutsideSEA":0,"Shape_Leng":332.006579158,"Tier_updat":"Medium","Comments":" "}},{"type":"Feature","id":84,"geometry":{"type":"LineString","coordinates":[[1269731.10645114,222497.524618477],[1269725.60449363,222191.765059397]]},"properties":{"OBJECTID":84,"SegID":"Alaskan Way","GroupID":"Alaskan Way","OutsideSEA":0,"Shape_Leng":305.809057265,"Tier_updat":"High","Comments":" "}},{"type":"Feature","id":85,"geometry":{"type":"LineString","coordinates":[[1269711.68851097,220141.077887803],[1269657.98520631,219868.096806481],[1269573.42271139,219671.023381725],[1269365.2062643,219028.079457641],[1269167.8838243,218454.657048061],[1269118.69330589,218333.64908798],[1269086.22814772,218256.91269289],[1269054.74625531,218191.981392309],[1268968.1716253,218035.556508303],[1268861.92085356,217836.82823123],[1268824.5360858,217767.961899146],[1268784.20020847,217680.403347224],[1268766.49158247,217631.213156894],[1268752.71831605,217587.925841898],[1268736.97786197,217525.946307063],[1268721.23675172,217455.112459227],[1268715.33387639,217401.003315479]]},"properties":{"OBJECTID":85,"SegID":"Alaskan Way","GroupID":"Alaskan Way","OutsideSEA":0,"Shape_Leng":2928.55278706,"Tier_updat":"High","Comments":" "}},{"type":"Feature","id":86,"geometry":{"type":"LineString","coordinates":[[1267329.92326139,228173.007690057],[1267546.45169972,228411.091203392]]},"properties":{"OBJECTID":86,"SegID":"Downtown","GroupID":"Downtown","OutsideSEA":0,"Shape_Leng":321.820328642,"Tier_updat":"High","Comments":" "}},{"type":"Feature","id":87,"geometry":{"type":"LineString","coordinates":[[1269717.91356415,223504.089534476],[1269847.83456413,223580.991611645]]},"properties":{"OBJECTID":87,"SegID":"Downtown","GroupID":"Downtown","OutsideSEA":0,"Shape_Leng":150.974818135,"Tier_updat":"High","Comments":" "}},{"type":"Feature","id":88,"geometry":{"type":"LineString","coordinates":[[1270826.14920856,224160.046227813],[1270670.3375123,224423.093273893]]},"properties":{"OBJECTID":88,"SegID":"4th","GroupID":"4th","OutsideSEA":0,"Shape_Leng":305.730327484,"Tier_updat":"Medium","Comments":" "}},{"type":"Feature","id":89,"geometry":{"type":"LineString","coordinates":[[1270106.84027973,226006.944764972],[1270018.0356673,226156.878520221],[1269889.86794464,226373.271132052]]},"properties":{"OBJECTID":89,"SegID":"Downtown - Other","GroupID":"Downtown - Other","OutsideSEA":0,"Shape_Leng":425.76049771,"Tier_updat":"Medium","Comments":" "}},{"type":"Feature","id":90,"geometry":{"type":"LineString","coordinates":[[1271778.9120668,223055.120616138],[1271772.2408203,222759.573635057]]},"properties":{"OBJECTID":90,"SegID":"Downtown - Other","GroupID":"Downtown - Other","OutsideSEA":0,"Shape_Leng":295.622264987,"Tier_updat":"Medium","Comments":" "}},{"type":"Feature","id":91,"geometry":{"type":"LineString","coordinates":[[1272991.09894688,223663.168284565],[1272835.03232989,223926.540789306],[1272679.11072572,224189.623596475]]},"properties":{"OBJECTID":91,"SegID":"Downtown - Other","GroupID":"Downtown - Other","OutsideSEA":0,"Shape_Leng":611.957389131,"Tier_updat":"Low","Comments":" "}},{"type":"Feature","id":92,"geometry":{"type":"LineString","coordinates":[[1269577.4085958,223110.3242459],[1269612.33208239,223053.961825803],[1269618.20280555,223044.324705973],[1269624.67424931,223034.707599223],[1269630.97640206,223024.978944138],[1269637.10762338,223015.141365394],[1269643.06660098,223005.198799983],[1269648.85103822,222995.153216392],[1269654.45929472,222985.008551642],[1269659.88907389,222974.767102316],[1269665.13939147,222964.433133483],[1269670.20893514,222954.008613646],[1269675.09540831,222943.497151732],[1269679.79749864,222932.901700482],[1269684.31389381,222922.2261969],[1269688.64328147,222911.473593727],[1269692.78467739,222900.646515638],[1269696.73545688,222889.749227732],[1269700.49627614,222878.784354642],[1269704.06483856,222867.755833387],[1269707.44015989,222856.666288644],[1269710.62158397,222845.519657388],[1269713.60747039,222834.319220483],[1269716.39749105,222823.068586811],[1269718.9909898,222811.770381063],[1269720.96145831,222802.441331476],[1269721.3866543,222800.429196388],[1269723.58382839,222789.047657475],[1269725.58218397,222777.629701316],[1269727.3807368,222766.178280637],[1269728.97883072,222754.697332472],[1269730.3767938,222743.19013764],[1269731.57331373,222731.660305053],[1269732.56839047,222720.111443639],[1269733.36169598,222708.54683423],[1269733.95290214,222696.970413804],[1269733.97422755,222696.332291722]]},"properties":{"OBJECTID":92,"SegID":"Alaskan Way","GroupID":"Alaskan Way","OutsideSEA":0,"Shape_Leng":449.162055248,"Tier_updat":"High","Comments":" "}},{"type":"Feature","id":93,"geometry":{"type":"LineString","coordinates":[[1269359.25909773,228504.168445066],[1269266.20383763,228889.760521635],[1269257.0942758,228966.457874805]]},"properties":{"OBJECTID":93,"SegID":"Downtown","GroupID":"Downtown","OutsideSEA":0,"Shape_Leng":473.898176475,"Tier_updat":"High","Comments":" "}},{"type":"Feature","id":94,"geometry":{"type":"LineString","coordinates":[[1265438.03826565,229022.408878386],[1265378.41240063,229076.473402813],[1265359.86125664,229093.29817231]]},"properties":{"OBJECTID":94,"SegID":"Downtown - Other","GroupID":"Downtown - Other","OutsideSEA":0,"Shape_Leng":105.53168603,"Tier_updat":"High","Comments":" "}},{"type":"Feature","id":95,"geometry":{"type":"LineString","coordinates":[[1270393.30361755,224259.310136899],[1270372.14388297,224295.047926307],[1270237.39808947,224522.614400312]]},"properties":{"OBJECTID":95,"SegID":"3rd Ave","GroupID":"3rd Ave","OutsideSEA":0,"Shape_Leng":305.999458864,"Tier_updat":"High","Comments":" "}},{"type":"Feature","id":96,"geometry":{"type":"LineString","coordinates":[[1269395.97818439,226576.08896789],[1269274.34916255,226781.631535813],[1269200.04058413,226907.206087813],[1269168.52982038,226935.901240394],[1269168.47863939,226935.948156312]]},"properties":{"OBJECTID":96,"SegID":"4th","GroupID":"4th","OutsideSEA":0,"Shape_Leng":427.434758498,"Tier_updat":"Medium","Comments":" "}},{"type":"Feature","id":97,"geometry":{"type":"LineString","coordinates":[[1273063.93180647,223037.398210645],[1273056.73333006,223275.757642061],[1273056.82913038,223283.692665562],[1273057.44887981,223291.603738979],[1273058.58995363,223299.457069725],[1273060.24775872,223307.217224807],[1273062.41474915,223314.851067811],[1273065.08173856,223322.325134233],[1273068.23658788,223329.606287643],[1273071.86584572,223336.663032055],[1273075.95409214,223343.464855731],[1273080.4822983,223349.981246889],[1273085.43176347,223356.184318483],[1273090.77984989,223362.046839565],[1273096.50424789,223367.542891562],[1273102.57936697,223372.64819631],[1273108.97830431,223377.341428399],[1273115.6735009,223381.601262391],[1273145.73380822,223399.357788563]]},"properties":{"OBJECTID":97,"SegID":"Downtown - Other","GroupID":"Downtown - Other","OutsideSEA":0,"Shape_Leng":400.349157806,"Tier_updat":"Low","Comments":" "}},{"type":"Feature","id":98,"geometry":{"type":"LineString","coordinates":[[1272211.12675355,224979.812960982],[1272055.20318089,225242.998786315]]},"properties":{"OBJECTID":98,"SegID":"Downtown - Other","GroupID":"Downtown - Other","OutsideSEA":0,"Shape_Leng":305.906749136,"Tier_updat":"Low","Comments":" "}},{"type":"Feature","id":99,"geometry":{"type":"LineString","coordinates":[[1273230.8087693,227059.110967726],[1273247.84252788,227091.764117643],[1273264.81526297,227111.565259144],[1273283.67316489,227128.537666142],[1273314.4129328,227146.934282899]]},"properties":{"OBJECTID":99,"SegID":"Downtown - Other","GroupID":"Downtown - Other","OutsideSEA":0,"Shape_Leng":124.10393012,"Tier_updat":"Medium","Comments":" "}},{"type":"Feature","id":100,"geometry":{"type":"LineString","coordinates":[[1270422.17724746,228406.991145983],[1270638.71126322,228645.098281309]]},"properties":{"OBJECTID":100,"SegID":"Downtown - Other","GroupID":"Downtown - Other","OutsideSEA":0,"Shape_Leng":321.841557096,"Tier_updat":"High","Comments":" "}},{"type":"Feature","id":101,"geometry":{"type":"LineString","coordinates":[[1269457.39013505,227979.276122138],[1269673.95499064,228217.458716646]]},"properties":{"OBJECTID":101,"SegID":"Downtown - Other","GroupID":"Downtown - Other","OutsideSEA":0,"Shape_Leng":321.918134008,"Tier_updat":"High","Comments":" "}},{"type":"Feature","id":102,"geometry":{"type":"LineString","coordinates":[[1267536.22927922,228855.696613386],[1267615.11002697,228942.526492223],[1267690.5107948,229025.480722636],[1267753.06742822,229094.384456232]]},"properties":{"OBJECTID":102,"SegID":"Downtown","GroupID":"Downtown","OutsideSEA":0,"Shape_Leng":322.475851361,"Tier_updat":"High","Comments":" "}},{"type":"Feature","id":103,"geometry":{"type":"LineString","coordinates":[[1266650.29437131,228791.152123064],[1266424.01070313,228996.977826893]]},"properties":{"OBJECTID":103,"SegID":"3rd Ave","GroupID":"3rd Ave","OutsideSEA":0,"Shape_Leng":305.889716793,"Tier_updat":"High","Comments":" "}},{"type":"Feature","id":104,"geometry":{"type":"LineString","coordinates":[[1266192.46064131,229207.598468646],[1266057.80835156,229330.077882469],[1266053.65153572,229333.859699056]]},"properties":{"OBJECTID":104,"SegID":"3rd Ave","GroupID":"3rd Ave","OutsideSEA":0,"Shape_Leng":187.642921823,"Tier_updat":"High","Comments":" "}},{"type":"Feature","id":105,"geometry":{"type":"LineString","coordinates":[[1269241.42764047,229103.523545563],[1269228.12123664,229252.479284391]]},"properties":{"OBJECTID":105,"SegID":"Downtown","GroupID":"Downtown","OutsideSEA":0,"Shape_Leng":149.548896728,"Tier_updat":"High","Comments":" "}},{"type":"Feature","id":106,"geometry":{"type":"LineString","coordinates":[[1265758.94477606,228731.106967553],[1265438.03826565,229022.408878386]]},"properties":{"OBJECTID":106,"SegID":"Downtown - Other","GroupID":"Downtown - Other","OutsideSEA":0,"Shape_Leng":433.402574612,"Tier_updat":"High","Comments":" "}},{"type":"Feature","id":107,"geometry":{"type":"LineString","coordinates":[[1269119.03812148,226412.067642391],[1268947.91379181,226701.203875139],[1268905.77509655,226739.552223638]]},"properties":{"OBJECTID":107,"SegID":"3rd Ave","GroupID":"3rd Ave","OutsideSEA":0,"Shape_Leng":392.95710448,"Tier_updat":"High","Comments":" "}},{"type":"Feature","id":108,"geometry":{"type":"LineString","coordinates":[[1269168.47863939,226935.948156312],[1269122.47873139,226977.831274644]]},"properties":{"OBJECTID":108,"SegID":"4th","GroupID":"4th","OutsideSEA":0,"Shape_Leng":62.2108281346,"Tier_updat":"Medium","Comments":" "}},{"type":"Feature","id":109,"geometry":{"type":"LineString","coordinates":[[1271587.61684573,226033.144843817],[1271864.80198689,226197.285919726]]},"properties":{"OBJECTID":109,"SegID":"Downtown - Other","GroupID":"Downtown - Other","OutsideSEA":0,"Shape_Leng":322.139558703,"Tier_updat":"Medium","Comments":" "}},{"type":"Feature","id":110,"geometry":{"type":"LineString","coordinates":[[1273063.93180647,223037.398210645],[1273485.5779448,223028.103937894]]},"properties":{"OBJECTID":110,"SegID":"Downtown - Other","GroupID":"Downtown - Other","OutsideSEA":0,"Shape_Leng":421.748561907,"Tier_updat":"Low","Comments":" "}},{"type":"Feature","id":111,"geometry":{"type":"LineString","coordinates":[[1270202.90603247,225213.225223809],[1270186.03664364,225241.61460273],[1270046.96310289,225476.367085978]]},"properties":{"OBJECTID":111,"SegID":"4th","GroupID":"4th","OutsideSEA":0,"Shape_Leng":305.878820253,"Tier_updat":"Medium","Comments":" "}},{"type":"Feature","id":112,"geometry":{"type":"LineString","coordinates":[[1269577.4085958,223110.3242459],[1269442.42198914,223342.820171982]]},"properties":{"OBJECTID":112,"SegID":"Downtown","GroupID":"Downtown","OutsideSEA":0,"Shape_Leng":268.841476751,"Tier_updat":"High","Comments":" "}},{"type":"Feature","id":113,"geometry":{"type":"LineString","coordinates":[[1270271.92328289,223832.000295982],[1270116.02070755,224095.413154975]]},"properties":{"OBJECTID":113,"SegID":"2nd","GroupID":"2nd","OutsideSEA":0,"Shape_Leng":306.091403476,"Tier_updat":"Medium","Comments":" "}},{"type":"Feature","id":114,"geometry":{"type":"LineString","coordinates":[[1267645.02236871,227886.307476059],[1267613.91153856,227914.583010063],[1267355.13121623,228149.729849473],[1267345.07611822,228159.014935896],[1267329.92326139,228173.007690057]]},"properties":{"OBJECTID":114,"SegID":"3rd Ave","GroupID":"3rd Ave","OutsideSEA":0,"Shape_Leng":426.01094281,"Tier_updat":"High","Comments":" "}},{"type":"Feature","id":115,"geometry":{"type":"LineString","coordinates":[[1270287.0804048,227598.171897471],[1270292.3303943,227601.257849306],[1270321.91662122,227618.774546564],[1270564.23831506,227762.233905315]]},"properties":{"OBJECTID":115,"SegID":"Downtown - Other","GroupID":"Downtown - Other","OutsideSEA":0,"Shape_Leng":322.075873864,"Tier_updat":"Medium","Comments":" "}},{"type":"Feature","id":116,"geometry":{"type":"LineString","coordinates":[[1267953.7287723,228910.351031646],[1267964.45020756,228959.541221976],[1267966.53353672,229003.291134477],[1267969.65853047,229049.64537248],[1267972.78352422,229172.561793312],[1267978.51284347,229219.957695886],[1267979.55450806,229229.332677141],[1267977.99184714,229240.270319313],[1267976.4295143,229249.645300552],[1267954.55422997,229285.582892731]]},"properties":{"OBJECTID":116,"SegID":"Downtown","GroupID":"Downtown","OutsideSEA":0,"Shape_Leng":383.358541892,"Tier_updat":"High","Comments":" "}},{"type":"Feature","id":117,"geometry":{"type":"LineString","coordinates":[[1269925.77371272,225049.091693804],[1269770.02599272,225312.218136057]]},"properties":{"OBJECTID":117,"SegID":"3rd Ave","GroupID":"3rd Ave","OutsideSEA":0,"Shape_Leng":305.766049291,"Tier_updat":"High","Comments":" "}},{"type":"Feature","id":118,"geometry":{"type":"LineString","coordinates":[[1272419.05415922,226525.348255724],[1272696.3059013,226689.518531054]]},"properties":{"OBJECTID":118,"SegID":"Downtown - Other","GroupID":"Downtown - Other","OutsideSEA":0,"Shape_Leng":322.211743716,"Tier_updat":"Medium","Comments":" "}},{"type":"Feature","id":119,"geometry":{"type":"LineString","coordinates":[[1269492.70929013,225148.309015065],[1269275.70939605,225514.870945975]]},"properties":{"OBJECTID":119,"SegID":"2nd","GroupID":"2nd","OutsideSEA":0,"Shape_Leng":425.977233223,"Tier_updat":"Medium","Comments":" "}},{"type":"Feature","id":120,"geometry":{"type":"LineString","coordinates":[[1271772.2408203,222759.573635057],[1271765.40454789,222453.518144816],[1271751.03712255,222148.381615981]]},"properties":{"OBJECTID":120,"SegID":"Downtown - Other","GroupID":"Downtown - Other","OutsideSEA":0,"Shape_Leng":306.131830633,"Tier_updat":"Medium","Comments":" "}},{"type":"Feature","id":121,"geometry":{"type":"LineString","coordinates":[[1272142.05208856,226361.369909137],[1272419.05415922,226525.348255724]]},"properties":{"OBJECTID":121,"SegID":"Downtown - Other","GroupID":"Downtown - Other","OutsideSEA":0,"Shape_Leng":321.899122866,"Tier_updat":"Medium","Comments":" "}},{"type":"Feature","id":122,"geometry":{"type":"LineString","coordinates":[[1271138.34149756,223632.656862646],[1270981.96188906,223896.843014061]]},"properties":{"OBJECTID":122,"SegID":"4th","GroupID":"4th","OutsideSEA":0,"Shape_Leng":306.999844549,"Tier_updat":"Medium","Comments":" "}},{"type":"Feature","id":123,"geometry":{"type":"LineString","coordinates":[[1270854.08353589,227933.244061977],[1271118.43372898,228090.247356892]]},"properties":{"OBJECTID":123,"SegID":"Downtown - Other","GroupID":"Downtown - Other","OutsideSEA":0,"Shape_Leng":307.459036617,"Tier_updat":"Medium","Comments":" "}},{"type":"Feature","id":124,"geometry":{"type":"LineString","coordinates":[[1271259.15096723,224060.904037639],[1271103.82089731,224323.336255565],[1271103.33894289,224324.150558397]]},"properties":{"OBJECTID":124,"SegID":"Downtown - Other","GroupID":"Downtown - Other","OutsideSEA":0,"Shape_Leng":305.902137325,"Tier_updat":"Medium","Comments":" "}},{"type":"Feature","id":125,"geometry":{"type":"LineString","coordinates":[[1269925.77371272,225049.091693804],[1270202.90603247,225213.225223809]]},"properties":{"OBJECTID":125,"SegID":"Downtown - Other","GroupID":"Downtown - Other","OutsideSEA":0,"Shape_Leng":322.090264245,"Tier_updat":"Medium","Comments":" "}},{"type":"Feature","id":126,"geometry":{"type":"LineString","coordinates":[[1268688.88084531,226501.115692645],[1268905.77509655,226739.552223638]]},"properties":{"OBJECTID":126,"SegID":"Downtown - Other","GroupID":"Downtown - Other","OutsideSEA":0,"Shape_Leng":322.327621425,"Tier_updat":"High","Comments":" "}},{"type":"Feature","id":127,"geometry":{"type":"LineString","coordinates":[[1269673.95499064,228217.458716646],[1269890.6130219,228455.546823144]]},"properties":{"OBJECTID":127,"SegID":"Downtown - Other","GroupID":"Downtown - Other","OutsideSEA":0,"Shape_Leng":321.910933277,"Tier_updat":"High","Comments":" "}},{"type":"Feature","id":128,"geometry":{"type":"LineString","coordinates":[[1268905.77509655,226739.552223638],[1268590.53819422,227026.243907481]]},"properties":{"OBJECTID":128,"SegID":"3rd Ave","GroupID":"3rd Ave","OutsideSEA":0,"Shape_Leng":426.106120789,"Tier_updat":"High","Comments":" "}},{"type":"Feature","id":129,"geometry":{"type":"LineString","coordinates":[[1271097.15096314,225743.010253474],[1271134.81000856,225765.180156648],[1271310.37986739,225869.082507893]]},"properties":{"OBJECTID":129,"SegID":"Downtown - Other","GroupID":"Downtown - Other","OutsideSEA":0,"Shape_Leng":247.711174684,"Tier_updat":"Medium","Comments":" "}},{"type":"Feature","id":130,"geometry":{"type":"LineString","coordinates":[[1268590.53819422,227026.243907481],[1268807.25921747,227264.457341805]]},"properties":{"OBJECTID":130,"SegID":"Downtown - Other","GroupID":"Downtown - Other","OutsideSEA":0,"Shape_Leng":322.046024986,"Tier_updat":"High","Comments":" "}},{"type":"Feature","id":131,"geometry":{"type":"LineString","coordinates":[[1270756.56043698,225541.207179397],[1270951.79200189,225656.838509813],[1271003.22956306,225688.218368307],[1271045.15303564,225713.794104561],[1271081.21234672,225733.456466809],[1271097.15096314,225743.010253474]]},"properties":{"OBJECTID":131,"SegID":"Downtown - Other","GroupID":"Downtown - Other","OutsideSEA":0,"Shape_Leng":395.922308142,"Tier_updat":"Medium","Comments":" "}},{"type":"Feature","id":132,"geometry":{"type":"LineString","coordinates":[[1269890.6130219,228455.546823144],[1270107.11521356,228693.592278808]]},"properties":{"OBJECTID":132,"SegID":"Downtown - Other","GroupID":"Downtown - Other","OutsideSEA":0,"Shape_Leng":321.774514151,"Tier_updat":"High","Comments":" "}},{"type":"Feature","id":133,"geometry":{"type":"LineString","coordinates":[[1266866.8569303,229029.233339816],[1266879.72239015,229043.362248555],[1266971.44595997,229144.100236058],[1266972.6716793,229194.461355805],[1266974.69201647,229277.460205555],[1266975.4866343,229310.134024724]]},"properties":{"OBJECTID":133,"SegID":"Downtown - Other","GroupID":"Downtown - Other","OutsideSEA":0,"Shape_Leng":321.43181143,"Tier_updat":"Medium","Comments":" "}},{"type":"Feature","id":134,"geometry":{"type":"LineString","coordinates":[[1269994.83820714,223668.036385059],[1270083.17464463,223720.336805388],[1270271.92328289,223832.000295982]]},"properties":{"OBJECTID":134,"SegID":"Downtown","GroupID":"Downtown","OutsideSEA":0,"Shape_Leng":321.963205829,"Tier_updat":"High","Comments":" "}},{"type":"Feature","id":135,"geometry":{"type":"LineString","coordinates":[[1270427.74875864,223568.689470887],[1270372.13797747,223662.639414221],[1270271.92328289,223832.000295982]]},"properties":{"OBJECTID":135,"SegID":"2nd","GroupID":"2nd","OutsideSEA":0,"Shape_Leng":305.964327921,"Tier_updat":"Medium","Comments":" "}},{"type":"Feature","id":136,"geometry":{"type":"LineString","coordinates":[[1269989.01735264,227930.863489315],[1270205.58253631,228168.873840064]]},"properties":{"OBJECTID":136,"SegID":"Downtown - Other","GroupID":"Downtown - Other","OutsideSEA":0,"Shape_Leng":321.790934989,"Tier_updat":"High","Comments":" "}},{"type":"Feature","id":137,"geometry":{"type":"LineString","coordinates":[[1265359.86125664,229093.29817231],[1265122.29349031,229308.908961564]]},"properties":{"OBJECTID":137,"SegID":"Downtown - Other","GroupID":"Downtown - Other","OutsideSEA":0,"Shape_Leng":320.821533015,"Tier_updat":"High","Comments":" "}},{"type":"Feature","id":138,"geometry":{"type":"LineString","coordinates":[[1266876.6994303,228585.211261973],[1266650.29437131,228791.152123064]]},"properties":{"OBJECTID":138,"SegID":"3rd Ave","GroupID":"3rd Ave","OutsideSEA":0,"Shape_Leng":306.057002869,"Tier_updat":"High","Comments":" "}},{"type":"Feature","id":139,"geometry":{"type":"LineString","coordinates":[[1270981.96188906,223896.843014061],[1270826.14920856,224160.046227813]]},"properties":{"OBJECTID":139,"SegID":"4th","GroupID":"4th","OutsideSEA":0,"Shape_Leng":305.865204188,"Tier_updat":"Medium","Comments":" "}},{"type":"Feature","id":140,"geometry":{"type":"LineString","coordinates":[[1271310.37986739,225869.082507893],[1271587.61684573,226033.144843817]]},"properties":{"OBJECTID":140,"SegID":"Downtown - Other","GroupID":"Downtown - Other","OutsideSEA":0,"Shape_Leng":322.144055084,"Tier_updat":"Medium","Comments":" "}},{"type":"Feature","id":141,"geometry":{"type":"LineString","coordinates":[[1267319.67065722,228617.283048227],[1267536.22927922,228855.696613386]]},"properties":{"OBJECTID":141,"SegID":"Downtown","GroupID":"Downtown","OutsideSEA":0,"Shape_Leng":322.084872069,"Tier_updat":"High","Comments":" "}},{"type":"Feature","id":142,"geometry":{"type":"LineString","coordinates":[[1269719.36730139,221838.898967221],[1269765.9200298,221194.118104562]]},"properties":{"OBJECTID":142,"SegID":"Alaskan Way","GroupID":"Alaskan Way","OutsideSEA":0,"Shape_Leng":646.459215554,"Tier_updat":"High","Comments":" "}},{"type":"Feature","id":143,"geometry":{"type":"LineString","coordinates":[[1270895.3469048,222778.506011888],[1270810.40120855,222921.957168564],[1270778.56334572,222975.728386477],[1270767.53744914,222994.349084139],[1270766.98331639,222995.284777805],[1270731.52964714,223055.16228272],[1270711.71833506,223088.620549142]]},"properties":{"OBJECTID":143,"SegID":"2nd","GroupID":"2nd","OutsideSEA":0,"Shape_Leng":360.403215703,"Tier_updat":"Medium","Comments":" "}},{"type":"Feature","id":144,"geometry":{"type":"LineString","coordinates":[[1269829.86937697,225842.953295052],[1269612.96397088,226209.446656555]]},"properties":{"OBJECTID":144,"SegID":"4th","GroupID":"4th","OutsideSEA":0,"Shape_Leng":425.870096644,"Tier_updat":"Medium","Comments":" "}},{"type":"Feature","id":145,"geometry":{"type":"LineString","coordinates":[[1269450.54336397,227338.707849473],[1269555.57661848,227454.031109646]]},"properties":{"OBJECTID":145,"SegID":"Downtown - Other","GroupID":"Downtown - Other","OutsideSEA":0,"Shape_Leng":155.985380369,"Tier_updat":"High","Comments":" "}},{"type":"Feature","id":146,"geometry":{"type":"LineString","coordinates":[[1269733.97422755,222696.332291722],[1269734.34200898,222685.385463223],[1269734.52868839,222673.795263305],[1269734.33675964,222652.200490221],[1269731.10645114,222497.524618477]]},"properties":{"OBJECTID":146,"SegID":"Alaskan Way","GroupID":"Alaskan Way","OutsideSEA":0,"Shape_Leng":198.849933682,"Tier_updat":"High","Comments":" "}},{"type":"Feature","id":147,"geometry":{"type":"LineString","coordinates":[[1270046.96310289,225476.367085978],[1269846.8017578,225814.361160636],[1269829.86937697,225842.953295052]]},"properties":{"OBJECTID":147,"SegID":"4th","GroupID":"4th","OutsideSEA":0,"Shape_Leng":426.045930055,"Tier_updat":"Medium","Comments":" "}},{"type":"Feature","id":148,"geometry":{"type":"LineString","coordinates":[[1271726.96958539,223270.89544706],[1271697.14287339,223321.269033983],[1271571.32816438,223533.751548648]]},"properties":{"OBJECTID":148,"SegID":"Downtown - Other","GroupID":"Downtown - Other","OutsideSEA":0,"Shape_Leng":305.479266194,"Tier_updat":"Medium","Comments":" "}},{"type":"Feature","id":149,"geometry":{"type":"LineString","coordinates":[[1265758.94477606,228731.106967553],[1265975.94663864,228969.527094394]]},"properties":{"OBJECTID":149,"SegID":"Downtown - Other","GroupID":"Downtown - Other","OutsideSEA":0,"Shape_Leng":322.387911138,"Tier_updat":"High","Comments":" "}},{"type":"Feature","id":150,"geometry":{"type":"LineString","coordinates":[[1269168.47863939,226935.948156312],[1269179.22861789,226942.362185478],[1269455.29466681,227106.849389315]]},"properties":{"OBJECTID":150,"SegID":"Downtown - Other","GroupID":"Downtown - Other","OutsideSEA":0,"Shape_Leng":333.872230849,"Tier_updat":"Medium","Comments":" "}},{"type":"Feature","id":151,"geometry":{"type":"LineString","coordinates":[[1270237.39808947,224522.614400312],[1270081.55424106,224785.947535053]]},"properties":{"OBJECTID":151,"SegID":"3rd Ave","GroupID":"3rd Ave","OutsideSEA":0,"Shape_Leng":305.992883804,"Tier_updat":"High","Comments":" "}},{"type":"Feature","id":152,"geometry":{"type":"LineString","coordinates":[[1269847.83456413,223580.991611645],[1269887.95751539,223604.740907982],[1269994.83820714,223668.036385059]]},"properties":{"OBJECTID":152,"SegID":"Downtown","GroupID":"Downtown","OutsideSEA":0,"Shape_Leng":170.841634007,"Tier_updat":"High","Comments":" "}},{"type":"Feature","id":153,"geometry":{"type":"LineString","coordinates":[[1269257.0942758,228966.457874805],[1269241.42764047,229103.523545563]]},"properties":{"OBJECTID":153,"SegID":"Downtown","GroupID":"Downtown","OutsideSEA":0,"Shape_Leng":137.958115249,"Tier_updat":"High","Comments":" "}},{"type":"Feature","id":154,"geometry":{"type":"LineString","coordinates":[[1270267.15656014,228983.091699809],[1270267.84455089,229027.034197226],[1270268.97086097,229098.921520635],[1270270.44297089,229192.916739479],[1270270.96003023,229225.914048806]]},"properties":{"OBJECTID":154,"SegID":"Downtown - Other","GroupID":"Downtown - Other","OutsideSEA":0,"Shape_Leng":242.852135174,"Tier_updat":"High","Comments":" "}},{"type":"Feature","id":155,"geometry":{"type":"LineString","coordinates":[[1270564.23831506,227762.233905315],[1270854.08353589,227933.244061977]]},"properties":{"OBJECTID":155,"SegID":"Downtown - Other","GroupID":"Downtown - Other","OutsideSEA":0,"Shape_Leng":336.53339466,"Tier_updat":"Medium","Comments":" "}},{"type":"Feature","id":156,"geometry":{"type":"LineString","coordinates":[[1271135.63940322,223079.439137056],[1271320.75255005,222949.785524979],[1271450.89041314,222766.587400556]]},"properties":{"OBJECTID":156,"SegID":"3rd Ave","GroupID":"3rd Ave","OutsideSEA":0,"Shape_Leng":450.718372937,"Tier_updat":"High","Comments":" "}},{"type":"Feature","id":157,"geometry":{"type":"LineString","coordinates":[[1272101.01870605,223058.426383808],[1272366.58018281,223050.594706565],[1272530.93779372,223049.451664224],[1272553.97613347,223049.291559562],[1272637.86310481,223047.785985142],[1272731.24841672,223044.63441664],[1272744.84943938,223044.337829307],[1272784.11970206,223043.48973389],[1272803.99269381,223043.060600892],[1273022.1477693,223038.351620808],[1273063.93180647,223037.398210645]]},"properties":{"OBJECTID":157,"SegID":"Downtown - Other","GroupID":"Downtown - Other","OutsideSEA":0,"Shape_Leng":963.178478102,"Tier_updat":"Low","Comments":" "}},{"type":"Feature","id":158,"geometry":{"type":"LineString","coordinates":[[1270704.83481863,223732.754759565],[1270549.05330606,223996.000952229]]},"properties":{"OBJECTID":158,"SegID":"3rd Ave","GroupID":"3rd Ave","OutsideSEA":0,"Shape_Leng":305.886314849,"Tier_updat":"High","Comments":" "}},{"type":"Feature","id":159,"geometry":{"type":"LineString","coordinates":[[1270205.58253631,228168.873840064],[1270295.48655598,228267.703038722],[1270422.17724746,228406.991145983]]},"properties":{"OBJECTID":159,"SegID":"Downtown - Other","GroupID":"Downtown - Other","OutsideSEA":0,"Shape_Leng":321.889919709,"Tier_updat":"High","Comments":" "}},{"type":"Feature","id":160,"geometry":{"type":"LineString","coordinates":[[1271128.8680913,222773.459762141],[1271105.93867522,222472.483329982],[1271104.24707755,222450.768806472]]},"properties":{"OBJECTID":160,"SegID":"Downtown","GroupID":"Downtown","OutsideSEA":0,"Shape_Leng":323.628902247,"Tier_updat":"High","Comments":" "}},{"type":"Feature","id":161,"geometry":{"type":"LineString","coordinates":[[1269540.38964097,223399.048405975],[1269717.91356415,223504.089534476]]},"properties":{"OBJECTID":161,"SegID":"Downtown","GroupID":"Downtown","OutsideSEA":0,"Shape_Leng":206.272591431,"Tier_updat":"High","Comments":" "}},{"type":"Feature","id":162,"geometry":{"type":"LineString","coordinates":[[1271344.2318338,223284.650996983],[1271294.1239944,223369.603582978]]},"properties":{"OBJECTID":162,"SegID":"4th","GroupID":"4th","OutsideSEA":0,"Shape_Leng":98.6292929974,"Tier_updat":"Medium","Comments":" "}},{"type":"Feature","id":163,"geometry":{"type":"LineString","coordinates":[[1270635.75326389,225114.057443142],[1270479.87168589,225377.276076809]]},"properties":{"OBJECTID":163,"SegID":"Downtown - Other","GroupID":"Downtown - Other","OutsideSEA":0,"Shape_Leng":305.913575162,"Tier_updat":"Medium","Comments":" "}},{"type":"Feature","id":164,"geometry":{"type":"LineString","coordinates":[[1269336.0311258,226045.463060647],[1269130.94984305,226391.83671172],[1269119.03812148,226412.067642391]]},"properties":{"OBJECTID":164,"SegID":"3rd Ave","GroupID":"3rd Ave","OutsideSEA":0,"Shape_Leng":426.010492407,"Tier_updat":"High","Comments":" "}},{"type":"Feature","id":165,"geometry":{"type":"LineString","coordinates":[[1271104.24707755,222450.768806472],[1271090.43148839,222472.443303809],[1270895.3469048,222778.506011888]]},"properties":{"OBJECTID":165,"SegID":"2nd","GroupID":"2nd","OutsideSEA":0,"Shape_Leng":388.65274731,"Tier_updat":"Medium","Comments":" "}},{"type":"Feature","id":166,"geometry":{"type":"LineString","coordinates":[[1268720.87290731,215134.943215057],[1268694.74566297,213591.09426865],[1268694.73024306,213590.12576665],[1268687.84836705,213156.483261228],[1268683.4281003,212903.84793973],[1268679.23814805,212664.367775649],[1268676.78047581,212118.645769969]]},"properties":{"OBJECTID":166,"SegID":"Alaskan Way","GroupID":"Alaskan Way","OutsideSEA":0,"Shape_Leng":2470.92654973,"Tier_updat":"High","Comments":" "}},{"type":"Feature","id":167,"geometry":{"type":"LineString","coordinates":[[1271444.31529506,222460.464981303],[1271437.7690483,222154.449845314]]},"properties":{"OBJECTID":167,"SegID":"Downtown","GroupID":"Downtown","OutsideSEA":0,"Shape_Leng":306.085146325,"Tier_updat":"High","Comments":" "}},{"type":"Feature","id":168,"geometry":{"type":"LineString","coordinates":[[1269765.9200298,221194.118104562],[1269751.63790613,221176.219518304],[1269742.66482697,221161.695597231],[1269740.00702389,221149.923639148],[1269739.27506997,221134.262253135],[1269737.47848564,221095.815151557],[1269720.02740505,220807.829835147],[1269711.68851097,220141.077887803]]},"properties":{"OBJECTID":168,"SegID":"Alaskan Way","GroupID":"Alaskan Way","OutsideSEA":0,"Shape_Leng":1061.52411239,"Tier_updat":"High","Comments":" "}},{"type":"Feature","id":169,"geometry":{"type":"LineString","coordinates":[[1270549.05330606,223996.000952229],[1270393.30361755,224259.310136899]]},"properties":{"OBJECTID":169,"SegID":"3rd Ave","GroupID":"3rd Ave","OutsideSEA":0,"Shape_Leng":305.924324305,"Tier_updat":"High","Comments":" "}},{"type":"Feature","id":170,"geometry":{"type":"LineString","coordinates":[[1271415.52532639,223796.863883317],[1271259.15096723,224060.904037639]]},"properties":{"OBJECTID":170,"SegID":"Downtown - Other","GroupID":"Downtown - Other","OutsideSEA":0,"Shape_Leng":306.871542014,"Tier_updat":"Medium","Comments":" "}},{"type":"Feature","id":171,"geometry":{"type":"LineString","coordinates":[[1269552.96146622,225678.756444976],[1269336.0311258,226045.463060647]]},"properties":{"OBJECTID":171,"SegID":"3rd Ave","GroupID":"3rd Ave","OutsideSEA":0,"Shape_Leng":426.066326496,"Tier_updat":"High","Comments":" "}},{"type":"Feature","id":172,"geometry":{"type":"LineString","coordinates":[[1275259.10162872,250033.35176456],[1275056.67224355,250039.789087638],[1274869.23987564,250045.750033721],[1274853.64016931,250046.244127229],[1274839.24945006,250046.699506894],[1274509.75010906,250057.22999765],[1274351.75993948,250062.24015823],[1274177.32984214,250067.779845312],[1274176.86986931,250067.790015891],[1274082.78016247,250069.990142733],[1274054.68999556,250070.649918303],[1274039.10078789,250071.556084469],[1274016.31999356,250072.879900724],[1273966.63177273,250074.469136387],[1273931.58000556,250075.589869052],[1273906.66995038,250076.37989372],[1273874.75990923,250077.419917896],[1273869.56995897,250077.580022559],[1273737.35565647,250081.71026364],[1273733.82252705,250081.820499644],[1273731.25232223,250086.11150156],[1273504.59004588,250464.079905733],[1273338.85776581,250740.443526223],[1273244.96556515,250891.595126808],[1273049.43839714,251206.362869978],[1273023.10905348,251248.748940066],[1272945.49897248,251369.580391303],[1272810.84110531,251540.772962302],[1272804.44971389,251645.259301886],[1272786.38741405,251714.911393553],[1272786.37133797,251714.967823893],[1272760.03182372,251782.344657645],[1272759.98228315,251782.462439552],[1272714.38198064,251868.651243553],[1272714.32095714,251868.747043893],[1272640.23022605,251977.548991635],[1272582.86879222,252028.169297233],[1272386.55127147,252220.690893814],[1272330.43163306,252276.005415723],[1272200.69731247,252403.878519565],[1272124.91957688,252468.128719136],[1272075.67065963,252501.759885475],[1272006.21771455,252540.438613892],[1271933.11812322,252571.689207554],[1271877.28883855,252589.402098641],[1271774.51739055,252610.21012789],[1271720.89512247,252616.221270725],[1271678.85813305,252620.931563139],[1271652.85687272,252619.66942656],[1271598.1309323,252617.008998811],[1271462.67385414,252599.169795647],[1271440.52265172,252596.251494393],[1271384.93746105,252594.036603808],[1271384.87971839,252594.03758806],[1271384.72420689,252594.042509302],[1271229.66775846,252602.17897597],[1271229.49420239,252602.218674064],[1271137.37890105,252624.360033974],[1271123.99310106,252629.528330728],[1271080.89049697,252646.170685887],[1270987.97992164,252696.439614221],[1270904.5811383,252761.069734305],[1270841.10127839,252826.32813397],[1270792.10990655,252890.448084474],[1270718.71996146,253004.130271807],[1270552.84037197,253255.520517066],[1270389.22062047,253510.429127976],[1270336.97827089,253573.527426973],[1270302.13910173,253606.808856472],[1270284.55153847,253619.021430477],[1270260.46169163,253635.748759225],[1270200.11043438,253676.171906725],[1270130.00033839,253707.339167222],[1269876.73936197,253725.909340054],[1269805.68963531,253789.710393563],[1269559.40994413,253937.799664304],[1269230.61663847,254205.454312727],[1269230.60351513,254205.459233969],[1269168.57804863,254256.811821565],[1268902.42077255,254477.181131482],[1268575.89911589,254749.800008804],[1268246.78100772,255021.270266399],[1268248.75869405,255143.708341733],[1268255.30526888,255549.026100636]]},"properties":{"OBJECTID":172,"SegID":"D_2","GroupID":"D","OutsideSEA":0,"Shape_Leng":9847.90205332,"Tier_updat":"Medium","Comments":" "}},{"type":"Feature","id":173,"geometry":{"type":"LineString","coordinates":[[1277770.44010997,216672.590730309],[1277763.52017631,216685.930926725],[1277736.38177913,216743.831401482],[1277598.61958747,217037.75108923],[1277447.85151631,217344.423704222],[1277447.84495464,217344.43978031],[1277432.85023397,217374.7746934],[1277413.3653648,217414.20243606],[1277385.45564373,217470.676732555],[1277364.96224639,217512.145481646],[1277342.35041498,217557.899983317],[1277264.55070181,217735.152253479],[1277208.46977723,217862.938415229],[1277131.27340931,218001.569043472],[1277108.38992488,218042.660824805],[1277094.30596356,218067.956049815],[1277070.54912131,218110.619350314],[1277041.42221105,218169.699940816],[1276844.45672572,218570.441921473],[1276830.68575589,218597.872968972],[1276818.86032023,218621.428696141],[1276818.48728947,218622.178694636],[1276815.63854189,218627.967396975],[1276802.07951389,218655.556252554],[1276781.91059098,218696.593572065],[1276743.84734689,218774.040267557],[1276717.97141439,218826.690096647],[1276680.80679056,218902.308383733],[1276680.46984898,218902.319866642],[1276665.71102022,218933.023545399],[1276564.93038189,219138.080221891],[1276416.10554831,219440.48348847],[1276402.78569305,219467.997869149],[1276358.12994248,219558.859892145],[1276342.54204714,219589.960551724],[1276301.30984613,219673.742208302],[1276247.77419205,219781.990351394],[1276217.90811005,219842.379010141],[1276146.27898823,219987.210741475],[1276043.59973164,220195.739523888],[1275992.03979538,220300.451256722],[1275901.87035631,220483.019133061],[1275885.03935322,220517.095836565],[1275864.94260864,220557.787356228],[1275715.95898272,220859.437671557],[1275663.80751222,220965.789821059],[1275575.47665215,221145.922006726],[1275569.01833172,221159.089303225],[1275423.78896339,221455.259642646],[1275270.02877222,221764.530677646],[1275185.91050214,221937.329872727],[1275143.50081006,222022.228653058],[1275096.09112798,222088.509688482],[1275069.79951389,222088.748861223]]},"properties":{"OBJECTID":173,"SegID":"Q_1","GroupID":"Q","OutsideSEA":0,"Shape_Leng":6068.5495692,"Tier_updat":"High","Comments":" "}},{"type":"Feature","id":174,"geometry":{"type":"LineString","coordinates":[[1268425.78327438,271441.130799308],[1268425.84659447,271441.129486978],[1268425.87513772,271441.129158899],[1268694.79914056,271436.161649138],[1268835.50489588,271433.562901065],[1268837.54393381,271433.524843395],[1268839.50488789,271433.488754228],[1269091.42859665,271428.835548311],[1269351.43398213,271424.034376815],[1269424.30850831,271422.687594727],[1269425.92989613,271422.657411054],[1269495.2630908,271421.376901805],[1269497.23191889,271421.341140732],[1269499.2630828,271421.303083062],[1269757.01552005,271416.542593896],[1270015.01434788,271411.776855394],[1270016.99400271,271411.740110055],[1270019.0140118,271411.703036636],[1270153.60954314,271409.267674059],[1270164.7617518,271409.011112899],[1270422.65132789,271404.247670978],[1270682.59503372,271399.44715564],[1270826.39461489,271396.790336803],[1270828.34014906,271396.754247636],[1270830.39493497,271396.716189981],[1271086.26318964,271391.991133809],[1271088.26449797,271391.953732312],[1271118.94553897,271391.00557147],[1271120.93372397,271390.94356373],[1271393.08737914,271382.531178981],[1271395.11854306,271382.467858896],[1271397.08737114,271382.407163471],[1271420.36422747,271381.688004807],[1271422.36455156,271381.625668973],[1271751.94132023,271371.43835339],[1272081.84157905,271361.239226803],[1272083.78514472,271361.179187566],[1272085.84157105,271361.115211308],[1272383.0230633,271351.929206058],[1272385.02273121,271351.867198303],[1272387.0230553,271351.805518642],[1272413.59124364,271350.983997971],[1272415.59123963,271350.92231831],[1272417.59123564,271350.860310555],[1272442.75358689,271350.083081141],[1272446.75357889,271349.959065646],[1273036.6657849,271331.722881645],[1273108.75422339,271329.494539648],[1273198.03849363,271326.734046474],[1273223.43444023,271325.870859221],[1273291.98778081,271323.80426231],[1273343.44896397,271322.253084302],[1273394.87996347,271320.702562481],[1273405.32777722,271320.377759978]]},"properties":{"OBJECTID":174,"SegID":"E_1","GroupID":"E","OutsideSEA":0,"Shape_Leng":4981.10417599,"Tier_updat":"Medium","Comments":"Future connection to light rail - should be High Priority"}},{"type":"Feature","id":175,"geometry":{"type":"LineString","coordinates":[[1281685.99986413,265758.400038809],[1281639.6758098,265575.159263566],[1281550.16745864,265262.004049972],[1281546.22816205,265248.222253397],[1281542.40008572,265234.599905312],[1281535.0756253,265131.714612395],[1281529.64715847,265054.784648135],[1281483.09803897,264395.117332309],[1281483.10000747,264395.099943891],[1281461.92714955,264092.775089219],[1281461.67354114,264088.140255973],[1281461.65057531,264087.155349806],[1281464.79984722,264028.300152555],[1281473.99996005,263981.500049308],[1281483.10000747,263945.599858642],[1281485.09803498,263939.617915228],[1281592.44066806,263679.012465313],[1281633.35233164,263579.687204644],[1281640.94778889,263560.292230308],[1281659.09998356,263501.79989323],[1281669.59996256,263445.400071636],[1281670.17017139,263374.524557233],[1281670.20002697,263370.800155222],[1281668.49989913,263097.615334138],[1281668.52056839,263097.614677981],[1281667.78927064,263079.335843146],[1281664.30010439,262989.500064805],[1281647.47861572,262572.512053639],[1281642.53243139,262449.079885811],[1281616.12434772,261789.868605807],[1281607.04103255,261563.143993646],[1281597.09584247,261314.140554637],[1281588.79992731,261106.400156483],[1281568.00042821,260586.999948561],[1281563.80030538,260482.109410316],[1281563.7999773,260482.099895895],[1281567.7999693,260163.000140399],[1281571.7999613,259848.799981385],[1281572.60015656,259782.70004797],[1281580.79961522,259145.432621732],[1281580.7999433,259145.400141478],[1281581.90230331,259055.39999339],[1281583.81962231,258899.157851815],[1281584.93740222,258811.106846809],[1281589.17262997,258477.54550606],[1281590.39998972,258380.900030062],[1281590.52367714,258371.28325139],[1281591.58994797,258286.899233803],[1281589.10012355,257899.000075221],[1281588.60012455,257870.699934974],[1281587.39999571,257808.999927148],[1281587.39933956,257808.975320891],[1281597.66736364,257808.669219136],[1281585.58372639,257506.97428447],[1281578.50007914,257274.00001289],[1281578.49548598,257273.95900248],[1281573.95710923,257147.366407886],[1281569.03553113,257010.106839895],[1281569.06407438,257010.106183723],[1281564.02077739,256864.793810308],[1281562.41087247,256818.146921977],[1281561.65267189,256804.405807719],[1281558.40005372,256744.799955815],[1281558.39939755,256744.783223554],[1281552.57165331,256560.539497554],[1281550.11529338,256482.401530474],[1281540.74490531,256221.028037474],[1281540.65599473,256218.548055559],[1281540.60153289,256217.028045475],[1281537.40075189,256127.75328964],[1281531.3000423,255954.695892975],[1281521.80137365,255690.840777636],[1281521.73542888,255690.84241806],[1281521.67243689,255689.082579061],[1281512.3512613,255429.109345719],[1281512.27514598,255426.990583554],[1281512.29975222,255426.989927396],[1281510.87127739,255387.827932224],[1281506.80009131,255276.19987464],[1281502.61079521,255163.592488304],[1281502.56617589,255163.330349728],[1281502.60095271,255163.329365477],[1281502.59996848,255163.299837977],[1281503.59701373,254848.012082726],[1281503.59996647,254847.999943644],[1281504.03828581,254704.39327547],[1281504.59996447,254520.300139725],[1281505.54910955,254263.224210307],[1281505.86767848,254168.133849308],[1281506.73841164,253877.38475889],[1281506.84831956,253844.499654055],[1281508.96478514,253213.00846298],[1281508.99989006,253213.009119138],[1281508.99989006,253212.999932811],[1281510.35553038,252765.603845969],[1281510.99988605,252552.89987506],[1281510.99988605,252552.882486641],[1281510.99988605,252418.300078645],[1281511.04778622,252165.316004559],[1281511.15769413,251579.384433642],[1281511.22298272,251227.596751392],[1281511.2863028,250564.991449311],[1281511.30008231,250515.390498638],[1281511.30008231,250454.999871388],[1281511.37258872,250254.857555136],[1281511.49988505,249902.499992147]]},"properties":{"OBJECTID":175,"SegID":"C4_2","GroupID":"C4","OutsideSEA":0,"Shape_Leng":15929.2830806,"Tier_updat":"Low","Comments":" "}},{"type":"Feature","id":176,"geometry":{"type":"MultiLineString","coordinates":[[[1258266.4784618,247745.873727977],[1258189.83589855,247766.170603395],[1257790.17757714,247774.808709472],[1257492.4642618,247780.354630142],[1257495.5449643,248064.52893056],[1257500.90814255,248330.546115056],[1257506.26607147,248596.410412729],[1257511.6669793,248862.274382308],[1257517.06591864,249128.049113229],[1257522.56426722,249393.801534474],[1257528.17219564,249659.57200031],[1257533.6019748,249925.2863639],[1257537.45531355,250105.962511733],[1257554.84176172,250421.157091305]],[[1257552.27615005,250430.552741811],[1257569.20000072,251069.49995473],[1257580.5999123,251728.800145313],[1257592.09988931,252388.200073227],[1257603.5998663,253070.200021565],[1257609.59985431,253634.199877813],[1257610.50011498,253722.200029895],[1257616.16677031,254051.937559396],[1257622.00009197,254390.099940807],[1257625.55060981,254595.524398729],[1257633.29993814,255047.999871731],[1257633.79993714,255076.000143811],[1257635.79993314,255193.399843395],[1257648.50003897,255766.000076145]]]},"properties":{"OBJECTID":176,"SegID":"H_4","GroupID":"H","OutsideSEA":0,"Shape_Leng":8754.89192708,"Tier_updat":"Medium","Comments":" "}},{"type":"Feature","id":177,"geometry":{"type":"LineString","coordinates":[[1275940.80006847,227893.79991515],[1275707.89994372,227941.100017399],[1275547.00000305,227945.200074807],[1275183.00007489,227950.399867564],[1274860.79993188,227953.300124228],[1274773.80010588,227954.099991396],[1274657.63367155,227955.138047054],[1274628.70000239,227955.397560969],[1274538.79991972,227956.200052813],[1274538.77957855,227956.200380892],[1274216.89997298,227958.899850562],[1273894.70015806,227961.800107226],[1273758.89990473,227962.800105229],[1273565.89996263,227964.599970385],[1273430.85790989,227965.813550636],[1273399.00003397,227966.09996739],[1273383.74415897,227966.23677814],[1273365.50010097,227966.400163636],[1273237.50002889,227967.49989897],[1272920.50000672,227975.499882981],[1272659.80006881,227978.30007422],[1272576.19131213,227979.174744397],[1272497.30006573,227979.999873981],[1272399.29993364,227981.099937394],[1272084.92720281,227991.032988399]]},"properties":{"OBJECTID":177,"SegID":"G1_2","GroupID":"G1","OutsideSEA":0,"Shape_Leng":3861.08012238,"Tier_updat":"High","Comments":" "}},{"type":"Feature","id":178,"geometry":{"type":"MultiLineString","coordinates":[[[1268790.31404139,225721.183853567],[1269148.06004505,225934.235592812],[1269198.39983939,225963.999968976],[1269311.99213189,226031.28034623],[1269335.99995789,226045.500134066],[1269360.51204798,226060.010931805],[1269475.70013781,226128.200099885],[1269561.40009764,226178.900129721],[1269612.9498633,226209.470278561],[1269613.00006005,226209.50013414],[1269751.59984846,226291.399904728],[1269889.86564806,226373.274740979],[1269889.9000968,226373.300003394],[1270026.59995463,226454.200104058],[1270139.29854813,226520.902398482],[1270166.9999363,226537.300003469],[1270303.60005681,226618.100038722],[1270444.00003847,226701.199938148],[1270598.89999114,226792.899885982],[1270721.00014064,226865.199938223],[1270929.19985548,226988.49988848],[1270998.09998013,227029.300003722],[1271135.4999678,227112.99996756],[1271899.00008123,227562.50005281],[1271958.49996223,227577.500022814],[1272072.79993047,227574.899962395],[1272084.79990648,227986.999859974],[1272084.84124497,227988.398807302]],[[1272084.92720281,227991.032988399],[1271813.80012038,227999.599900395],[1270411.08376572,227176.855482891],[1269910.19533181,226880.824906975],[1269300.6000943,226519.900103897],[1269044.28236547,226367.870880395],[1268841.70009348,226248.000057146],[1268568.87255514,226098.124700725]]]},"properties":{"OBJECTID":178,"SegID":"G1_1","GroupID":"G1","OutsideSEA":0,"Shape_Leng":7611.01789538,"Tier_updat":"High","Comments":" "}},{"type":"Feature","id":179,"geometry":{"type":"LineString","coordinates":[[1277945.80590098,224573.084115639],[1277945.79999547,224572.799995482],[1277908.30007046,224573.299994469],[1277827.20640063,224575.184177056],[1277697.99799764,224575.28457056],[1277395.67215872,224581.836066648],[1277390.80012122,224581.900042892],[1277390.78798214,224581.90037097],[1277228.89985447,224585.400035888],[1277070.09997523,224587.900030896],[1277070.0786498,224587.899702802],[1277070.10227181,224588.892482981],[1276748.51006722,224593.919375807],[1276426.31353314,224602.147049636],[1276419.23677564,224602.327823564],[1276103.93819363,224610.379644722],[1275782.04152772,224618.600428805],[1275782.10419163,224621.205082387],[1275460.19997981,224629.299882472],[1275460.08449447,224629.302835226],[1275460.02511139,224626.824165642],[1275138.16781548,224634.916669145],[1274816.24030972,224643.121705219],[1274728.93831897,224645.354312316],[1274493.24817355,224651.381859303],[1274165.21667738,224658.766687065],[1274165.18944646,224657.204354227],[1274004.40006989,224660.499951303],[1273843.27243939,224663.89823848],[1273843.19993298,224663.899878889],[1273682.79999131,224668.399869889],[1273543.79994123,224672.300124556],[1273528.6999058,224672.300124556],[1273514.59986839,224671.700060144]]},"properties":{"OBJECTID":179,"SegID":"O_2","GroupID":"O","OutsideSEA":0,"Shape_Leng":4440.32993048,"Tier_updat":"High","Comments":" "}},{"type":"Feature","id":180,"geometry":{"type":"LineString","coordinates":[[1257102.40008131,215870.800011054],[1257757.90008263,215850.499854803],[1257900.3000603,215845.599930227],[1257924.80001131,215844.800063059],[1258162.39992981,215837.499880806],[1258411.59989072,215814.499926805],[1258450.79994355,215812.499930814],[1258491.49999338,215811.099999219],[1258666.29984064,215805.20007664],[1258931.09983598,215797.100027233],[1258982.49999563,215795.100031227],[1259097.50009373,215790.499974802],[1259138.50001173,215789.499976814],[1259198.40015438,215779.600062221],[1259239.0001388,215767.500020802],[1259299.00001881,215739.799944982],[1259355.99990481,215706.000143811],[1259381.4998538,215685.499856725],[1259395.30002305,215672.700013563],[1259408.50012788,215660.499906719],[1259456.50003189,215600.000027731],[1259479.99998489,215562.000103727],[1259500.49994388,215522.499854639],[1259523.59996331,215493.800108895],[1259529.90014756,215485.99992764],[1259555.59989931,215220.79999873],[1259600.50007197,214964.200118229],[1259699.80007023,214565.699930981],[1259746.09984639,214377.900109723],[1259829.10000847,214105.799932137],[1259877.99984506,213963.000020891],[1259921.60015155,213854.200041637],[1259967.79986231,213745.299996972],[1260045.40010081,213587.500115722],[1260108.00004122,213466.500029638],[1260188.20001206,213312.700140387],[1260255.40000889,213186.700064316],[1260297.79985847,213107.199895233],[1260525.69999322,212672.700108066],[1260636.79983664,212467.399993733],[1260663.59997989,212420.900086731],[1260688.69999531,212385.999894053],[1260711.90008014,212357.39988564],[1260762.89997813,212295.699877813],[1260799.49997056,212262.599878386],[1260820.99992755,212248.300038233],[1260845.99987756,212234.900130644],[1260871.69995739,212222.700023815],[1260896.2999738,212211.899848565],[1260921.60012005,212201.100001395],[1260944.49508739,212194.642337143],[1260945.70013747,212239.800055221]]},"properties":{"OBJECTID":180,"SegID":"R_3","GroupID":"R","OutsideSEA":0,"Shape_Leng":6269.68878529,"Tier_updat":"Medium","Comments":" "}},{"type":"Feature","id":181,"geometry":{"type":"LineString","coordinates":[[1266649.57291606,240967.517534062],[1266623.04311347,240977.931555226],[1266598.63305731,240987.51388514],[1266550.39201206,241028.96196498],[1266318.76222597,241296.576915309],[1266218.70927647,241375.070196643],[1266209.51933423,241382.279827893],[1266164.34291539,241398.440228641],[1265788.66814181,241531.379923388],[1265528.30711398,241624.473897308],[1265279.05990906,241713.000951231],[1265008.74384864,241808.756009057],[1264748.16398922,241902.385414973],[1264431.25386189,242014.366818309],[1264373.63521072,242045.642018229],[1264324.41647714,242092.671123639],[1264212.18573047,242270.006398886],[1264165.20255671,242342.484928474],[1264143.31414905,242379.144632056],[1264075.59085931,242492.570914388],[1263987.13565564,242640.719568223],[1263677.69040839,243130.985648066],[1263142.2639858,243975.556465477],[1263053.25268088,244117.354410231],[1262972.42410238,244246.971933141],[1262805.39589314,244512.81359306],[1262767.44222888,244575.563795641],[1262702.14413114,244697.29288289],[1262692.97912322,244714.378150553],[1262481.69476889,245029.920170397],[1262469.72628888,245048.721313894],[1262423.62073806,245122.443935469],[1262301.01829298,245318.484553888],[1262125.31490423,245592.631315306],[1262085.68473414,245661.561623648],[1262053.75599222,245705.859107226],[1262012.48999864,245749.429558143],[1261964.90282348,245787.428825974],[1261929.2017794,245807.750963807],[1261671.95524664,245864.445076138],[1261596.86845456,245866.101568893],[1261472.00190639,245868.852875724],[1260900.32325973,245881.448979139],[1260674.27220264,245886.32232897],[1260673.86866014,245886.33085914],[1260277.15718322,245894.883663565],[1260253.17658813,245895.287862226],[1260250.38525514,245895.334778145],[1260228.62381572,245895.701575309],[1260152.31294473,245897.477162316],[1259876.84072664,245903.885942146],[1259742.19434239,245928.852427647],[1259687.12588297,245953.080397561],[1259646.93731506,245976.700429052],[1259596.91740197,246015.238737807],[1259542.75970189,246074.366244227],[1259327.0275218,246356.950324729],[1259143.85137898,246596.914411724],[1259125.22018264,246621.321843222],[1258818.76935197,247022.716709733],[1258765.60016698,247092.360927388],[1258342.74143264,247646.020253137],[1258266.4784618,247745.873727977]]},"properties":{"OBJECTID":181,"SegID":"H_3","GroupID":"H","OutsideSEA":0,"Shape_Leng":11611.340063,"Tier_updat":"High","Comments":" "}},{"type":"Feature","id":182,"geometry":{"type":"LineString","coordinates":[[1273619.80142964,267320.249605387],[1273762.5462229,267224.666791305],[1274031.7343328,266964.011144638],[1274306.19999123,266697.400129303],[1274786.90014531,266236.699935228],[1274881.20015356,266128.399954975],[1274958.90012939,266066.300013557],[1275068.9999748,266005.300135553],[1275147.30001506,265974.500000313],[1275235.10003631,265950.60011372],[1275438.80008823,265944.699863061],[1275627.49984205,265939.199874058],[1275777.99986914,265935.000079304],[1275963.30002347,265935.600143731],[1276190.20016022,265930.699891061],[1276298.90007405,265928.400026888],[1276472.50012055,265920.500108317],[1276631.2999998,265908.900065899],[1276738.49991664,265905.400072888],[1276963.90005639,265898.099890649],[1277178.29989006,265891.099904642],[1277629.00010414,265876.400130898],[1277834.00002222,265869.800078481],[1277961.60016072,265865.599955648],[1278294.29995464,265854.800108477],[1278474.10011998,265848.899857804],[1278707.49991564,265841.300135478],[1278959.40000239,265833.100020647],[1279300.60010739,265823.899907812],[1279345.39988655,265822.700107053],[1279642.29988331,265814.399926811],[1279790.10011263,265810.100066647],[1279938.10014471,265805.799878389],[1279983.79985647,265804.500012219],[1280130.00002339,265800.700151056],[1280325.30015773,265795.700161055],[1280591.21727681,265788.402275398]]},"properties":{"OBJECTID":182,"SegID":"F_2","GroupID":"F","OutsideSEA":0,"Shape_Leng":7497.89697563,"Tier_updat":"Medium","Comments":"Future connection to light rail, and connecting two urban villages - should be Premium"}},{"type":"Feature","id":183,"geometry":{"type":"LineString","coordinates":[[1278093.95914797,229312.044453979],[1278094.00114264,229313.342351645],[1278113.00143272,229691.138183981],[1278125.67102681,230116.940153897],[1278139.59783623,230584.761724815],[1278143.55845822,230717.982258886],[1278145.18148647,230772.570404306],[1278158.40193248,231216.889069483],[1278165.37107864,231442.130088806],[1278167.51904023,231511.488873973],[1278176.19946906,231783.417792052],[1278186.01342581,232037.29228431],[1278187.66499731,232080.08222498],[1278187.98651896,232093.621239886],[1278193.52194098,232325.80351831],[1278193.53834514,232326.369790137],[1278231.51103823,232385.640340894],[1278284.48796639,232468.677576393],[1278369.12821706,232593.651735887],[1278369.43989623,232603.710114732],[1278381.56159113,232991.520690814],[1278391.34339572,233304.296640053],[1278393.00021656,233357.271271646],[1278404.43982622,233723.129135728],[1278415.63862272,234089.339689389],[1278415.63665423,234089.348875731],[1278429.99030006,234569.090698391],[1278431.62415506,234623.681468472],[1278435.97683664,234769.135573894],[1278444.74256714,235061.787547648],[1278448.00732438,235170.672500476],[1278452.24550489,235302.576764226],[1278455.7235163,235410.779959887],[1278469.35111372,235834.602274969],[1278472.83765531,235943.037097469],[1278479.2903983,236143.730593726],[1278455.27305789,236254.710686728],[1278415.82070898,236437.025938898],[1278350.8398678,236736.160839304],[1278357.94877747,237001.859782979],[1278364.22927672,237248.993146971],[1278364.71024689,237267.919946387],[1278371.47893414,237534.001107141],[1278378.23941931,237799.9090399],[1278346.05805323,237834.958182395],[1278242.65668522,237947.570161894],[1278135.88918222,238063.851425394],[1278089.73769972,238114.105589971],[1277951.17039156,238264.991114974],[1277874.03964031,238378.805191815],[1277872.78997089,238380.649348229],[1277860.20928739,238412.97179015],[1277859.57411805,238414.604988977],[1277859.51243839,238414.711287975],[1277851.57708681,238435.137100145],[1277836.27987331,238474.904080972],[1277836.12009673,238475.320090637],[1277829.55186839,238490.810217142],[1277821.37668788,238510.089378059],[1277821.32583497,238510.209456563],[1277820.07386898,238513.161878482],[1277812.26187672,238530.378051385],[1277797.46400605,238574.772975728],[1277780.74094239,238635.87915273],[1277761.93094064,238729.774306148],[1277765.59989655,238839.180255309],[1277769.18059805,238945.960881636],[1277770.74358706,239040.507280469],[1277774.24128348,239252.119061977],[1277778.07067214,239406.373018563],[1277778.87250781,239443.170845225],[1277780.87020722,239534.839953229],[1277781.98995563,239586.201399058],[1277787.79735872,239649.298713803],[1277788.35936548,239679.575556144],[1277789.33803806,239732.407143399],[1277798.01813881,240200.709028304]]},"properties":{"OBJECTID":183,"SegID":"N_3","GroupID":"N","OutsideSEA":0,"Shape_Leng":11168.0919939,"Tier_updat":"Medium","Comments":" "}},{"type":"Feature","id":184,"geometry":{"type":"LineString","coordinates":[[1274930.22892688,244741.221272722],[1274844.95449114,244743.670742899],[1274717.20999597,244747.340026885],[1274669.3019553,244748.73011598],[1274621.21773389,244750.129391387],[1274526.22350131,244752.900711313],[1274477.19013481,244754.331154644],[1274476.73016196,244754.348214969],[1274388.56892097,244756.880690232],[1274268.61017139,244760.371496886],[1274194.09916556,244762.540127724],[1274173.44008614,244763.131005809],[1274143.45162906,244763.989927977],[1274113.45989114,244764.860333055],[1274013.5099598,244767.760917813],[1273989.19996905,244768.467609316],[1273908.20931739,244770.818654478],[1273666.75999714,244777.830123395],[1273620.3001163,244779.159845144],[1273559.52464731,244780.886219636],[1273556.20674056,244780.981363803],[1273555.52006213,244781.000392646],[1273496.48966838,244782.710034892],[1273494.97359531,244782.751373395],[1273488.2964433,244782.943958312],[1273359.26225255,244786.669672638],[1273344.63990647,244787.05976373],[1273233.60994481,244790.026949391],[1273206.76649456,244790.744467646],[1273123.18989006,244792.9777309],[1273093.19848022,244793.778910398],[1273063.21002313,244794.580417976],[1272961.45989856,244797.310071304],[1272859.2701423,244800.0505514],[1272829.27938864,244800.857636392],[1272799.2899473,244801.657831639],[1272697.24979706,244804.38682881],[1272595.37992206,244807.110576645],[1272565.38949648,244807.911428064],[1272535.40005514,244808.716872647],[1272433.35006239,244811.450462982],[1272331.47985931,244814.180116311],[1272301.4897618,244814.981295809],[1272271.49999239,244815.788380817],[1272169.42998655,244818.52229923],[1272067.54994097,244821.25293681],[1272052.55062714,244821.658775896],[1271887.23993413,244826.096102983],[1271878.00045131,244826.344133973],[1271584.08010739,244834.171218053],[1271290.15943539,244842.039968729],[1270996.24860589,244849.908391312],[1270708.24950998,244857.598664641],[1270567.68515855,244860.227268308],[1270374.4896788,244863.840450063],[1270240.4938838,244866.427059054],[1270181.28698123,244867.571085647],[1269962.2719993,244872.042861477],[1269808.11909239,244875.358799726],[1269730.1405738,244876.85912481],[1269514.37886623,244880.821059138],[1269368.24005088,244883.509373978],[1269247.93418914,244885.831547812],[1268997.22963805,244890.671433136],[1268631.87735039,244897.730146065],[1268514.6430048,244899.993921056],[1268421.61956881,244901.790177315],[1268233.34107397,245040.089769483],[1268044.51927313,245178.839820057],[1268018.9274608,245179.420199469],[1267993.0400454,245180.007468641],[1267665.62042464,245187.42871365],[1267497.27988206,245191.49005723],[1267360.86840947,245194.791887894],[1267358.50981839,245194.848974392],[1267051.11082689,245201.675732389],[1267051.10131247,245201.680981725],[1266997.01185372,245202.876189306],[1266910.40146264,245204.786290482],[1266908.12423623,245204.836487219],[1266699.27065131,245209.444745719],[1266693.70931073,245209.567448899],[1266336.42951347,245217.010347396],[1266028.83071922,245223.751803726],[1265721.40023172,245230.620884478]]},"properties":{"OBJECTID":184,"SegID":"I_3","GroupID":"I","OutsideSEA":0,"Shape_Leng":9302.27420489,"Tier_updat":"High","Comments":" "}},{"type":"Feature","id":185,"geometry":{"type":"LineString","coordinates":[[1274839.24846581,250046.698850721],[1274841.88855238,250311.179292887],[1274844.53913763,250577.061307058],[1274847.1897229,250843.010250226],[1274849.46334039,251071.058350563],[1274849.84063622,251108.879141062],[1274852.19332181,251344.759902894],[1274852.50139205,251374.766404554],[1274853.81930281,251630.759658977],[1274855.12015322,251882.80147773],[1274856.42789339,252134.892508969],[1274857.48989914,252339.710012719],[1274857.76450489,252391.029463887],[1274858.76056589,252577.382437646],[1274859.58996056,252732.530093223],[1274861.13195223,252942.575276807],[1274864.2405418,253363.480274886],[1274865.36225872,253498.626330063],[1274866.96461771,253710.99664022],[1274867.36914447,253764.599879473],[1274869.2799018,254023.829675972],[1274204.6808373,254046.74006322],[1273862.71957897,254058.538924143],[1273797.26990671,254060.797449812],[1273540.19824238,254069.670135483],[1273542.9164128,254331.62007089],[1273542.91969363,254331.979650229],[1273545.18674947,254596.712060392],[1273547.05912106,254741.14812322],[1273547.07814988,254743.070035398],[1273548.29533905,254859.930694059],[1273550.37538739,255066.904033393],[1273550.94887705,255123.970520303],[1273553.59913422,255386.299720064],[1273557.54794522,255718.879107386],[1273561.34879065,256049.719981149],[1273561.37044413,256051.711118892],[1273561.39242572,256053.710130647],[1273565.17096147,256382.400090054],[1273565.19130264,256384.399757981],[1273565.21820547,256386.400082067],[1273565.22312672,256386.820028722],[1273569.01937898,256717.089053228],[1273572.83892514,257049.431236312],[1273576.6584713,257381.569023475],[1273580.39041921,257706.733071312],[1273580.48064214,257714.589354813],[1273584.30051638,258046.620842978],[1273588.09742481,258376.779959559],[1273588.12071872,258378.949902728],[1273588.14138797,258380.779951558],[1273588.39991763,258403.660155147],[1273591.92878197,258710.050946563],[1273595.56460147,259026.645785809],[1273595.73126781,259041.160520554],[1273599.53933105,259372.270422637],[1273599.53965914,259372.299622059]]},"properties":{"OBJECTID":185,"SegID":"C1_1","GroupID":"C1","OutsideSEA":0,"Shape_Leng":10610.0871812,"Tier_updat":"Medium","Comments":" "}},{"type":"Feature","id":186,"geometry":{"type":"MultiLineString","coordinates":[[[1279211.35127014,262509.808438897],[1279240.15829913,262582.10783498]],[[1279240.15829913,262582.10783498],[1279396.35221247,262952.800006971],[1279487.86744939,263169.99117364],[1279632.09944439,263512.269360483],[1279818.53345472,263954.707123891],[1279908.9236939,264169.21686548],[1280032.28893273,264461.980715647],[1280224.97686756,264919.259328648],[1280305.8221783,265111.073249474],[1280341.55274989,265195.911334395],[1280421.49779998,265385.633067816],[1280531.25479831,265646.102691233],[1280591.20776239,265788.379637644],[1280593.26090789,265793.282514974]]]},"properties":{"OBJECTID":186,"SegID":"C2_1","GroupID":"C2","OutsideSEA":0,"Shape_Leng":3562.44030092,"Tier_updat":"High","Comments":" "}},{"type":"Feature","id":187,"geometry":{"type":"LineString","coordinates":[[1275542.06727014,214626.045610815],[1275583.38706939,214567.572302565],[1275784.1264973,214235.367914483],[1275803.81248155,214180.62983498],[1275955.83842422,213946.773019224],[1276019.48232581,213828.440578729],[1276056.75620139,213712.438514143],[1276058.50947872,213702.997260064],[1276275.1570113,212536.40904206],[1276301.50308722,212405.569736809],[1276562.07244797,211111.54345347],[1276631.36135139,210767.445388392],[1276806.54308763,209814.417110726],[1277045.18204606,208516.167738721],[1277045.98847489,208511.78093648],[1277058.08818822,208460.10813956],[1277080.32403614,208434.874266148],[1277205.62365431,207759.563936979],[1277231.90345739,207617.926753059],[1277304.46958522,207226.653913558],[1277545.17448439,205928.785774395],[1277785.87905547,204630.917963311],[1278026.58395463,203333.049824148],[1278134.10014381,202753.326574147],[1278200.0035553,202399.557596639],[1278267.88760589,202035.293233305],[1278424.59234497,201194.418930814],[1278500.12073722,200866.466830805],[1278556.71937731,200751.535630226],[1278642.87012364,200576.595691398],[1278796.89081298,200372.021953553],[1279132.26776689,200029.359581143]]},"properties":{"OBJECTID":187,"SegID":"S_2","GroupID":"S","OutsideSEA":0,"Shape_Leng":15193.1983842,"Tier_updat":"High","Comments":"A new combo of the current Rts 36 and 49 is likely the next RapidRide in Seattle (after the ones already in planning), and should thus probably be a Premium Transit Corridor. Broadway and north is already mostly designated as Premium, but I included the"}},{"type":"Feature","id":188,"geometry":{"type":"LineString","coordinates":[[1285492.09034905,199179.901634395],[1285468.83449006,199348.294670314],[1285444.36439463,199525.470497057],[1285425.44907814,199662.439383224],[1285398.7312838,199855.884862483],[1285393.63943048,199892.750602394],[1285392.18930213,199902.829978555],[1285346.42856689,200220.970418394],[1285199.97872855,200548.281115472],[1284956.19312689,201088.420455143],[1284903.99998981,201204.060643807],[1284756.18893372,201533.038660392],[1284665.70453463,201734.420475483],[1284609.09998906,201860.399882317],[1284500.70716122,202097.131364226],[1284364.1802033,202255.801322475],[1284361.64641573,202258.755056724],[1284295.6590149,202335.680099726],[1284244.94783022,202394.714430481],[1284160.62122722,202513.567211136],[1284142.74790339,202513.690242395],[1284142.09009631,202514.45992589],[1284141.45000573,202515.229937479],[1284140.80991514,202515.999949053],[1284140.17015263,202516.769960642],[1284139.53006205,202517.530129731],[1284138.88997146,202518.300141305],[1284138.2498809,202519.070152894],[1284137.61011839,202519.839836389],[1284136.9700278,202520.609847978],[1284136.32993722,202521.379859567],[1284135.68984663,202522.149871141],[1284135.05008414,202522.91988273],[1284134.41983606,202523.689894304],[1284133.78007355,202524.459905893],[1284133.15015355,202525.229917482],[1284132.51006298,202526.010099649],[1284131.88014297,202526.780111223],[1284131.24989489,202527.559965312],[1284130.63014548,202528.34014748],[1284129.99989739,202529.120001554],[1284129.36997738,202529.899855644],[1284128.74989989,202530.689880311],[1284128.13015047,202531.470062479],[1284127.51007298,202532.249916553],[1284126.88999547,202533.039941221],[1284126.26991796,202533.820123389],[1284125.64984047,202534.610148057],[1284125.03009106,202535.399844646],[1284124.41001356,202536.180026814],[1284123.80010664,202536.979893982],[1284123.18987164,202537.760076135],[1284122.57996473,202538.550100803],[1284121.95988722,202539.349967971],[1284121.34998031,202540.139992639],[1284120.74991588,202540.930017307],[1284120.14000897,202541.720041975],[1284119.53010206,202542.519909143],[1284118.93003763,202543.32010439],[1284118.32013072,202544.110129058],[1284117.72990881,202544.909996226],[1284117.12000188,202545.709863394],[1284116.53010805,202546.510058641],[1284115.91987306,202547.30992581],[1284115.32997923,202548.110121056],[1284114.7299148,202548.909988225],[1284114.12985039,202549.720025972],[1284113.53995655,202550.51989314],[1284112.93989214,202551.329930887],[1284112.34999831,202552.130126148],[1284111.76010448,202552.929993317],[1284111.16004005,202553.740031064],[1284110.57998872,202554.550068811],[1284109.99009489,202555.360106558],[1284109.39987297,202556.170144305],[1284108.80997914,202556.979853973],[1284108.22992781,202557.78989172],[1284107.64987648,202558.599929482],[1284107.05998264,202559.409967229],[1284106.55998364,202560.210162476],[1284105.97993231,202561.030042723],[1284105.39988098,202561.84008047],[1284104.83000022,202562.659960732],[1284104.24994889,202563.479840979],[1284103.66989756,202564.300049305],[1284103.1000168,202565.110087052],[1284102.53013605,202565.929967314],[1284101.95008472,202566.749847561],[1284101.37987588,202567.570055887],[1284100.80999514,202568.400106728],[1284100.24011439,202569.219986975],[1284099.66990556,202570.039867222],[1284029.02011247,202699.82011947],[1284028.63986389,202700.749907643],[1284028.25994338,202701.669853315],[1284027.88002288,202702.599969566],[1284027.50010239,202703.530085802],[1284027.11985381,202704.450031474],[1284026.75010389,202705.380147725],[1284026.3698553,202706.300093397],[1284026.00010538,202707.229881555],[1284025.6198568,202708.159997806],[1284025.25010689,202709.090114057],[1284024.88987139,202710.019902229],[1284024.52012147,202710.95001848],[1284024.15004347,202711.880134732],[1284023.79013605,202712.809922889],[1284023.42005806,202713.74003914],[1284023.06015064,202714.670155391],[1284022.69991514,202715.599943563],[1284022.34000772,202716.530059814],[1284021.9801003,202717.459847972],[1284021.61986481,202718.400134817],[1284021.27012797,202719.329922974],[1284020.90989247,202720.269881725],[1284020.54998505,202721.199997976],[1284020.21009073,202722.139956728],[1284019.84985521,202723.070072979],[1284019.50011839,202724.01003173],[1284019.15989597,202724.949990481],[1284018.81015913,202725.889949232],[1284018.46009423,202726.820065483],[1284018.11987181,202727.76986672],[1283984.27807598,202857.210552722],[1283966.95954105,203026.780751646],[1283928.04787347,203449.239880472],[1283921.14729673,203524.159021974],[1283910.71096589,203582.909560636],[1283884.95019063,203860.118651897],[1283866.99911106,204054.151400313],[1283854.99946314,204123.840237305],[1283838.17928681,204186.331582144],[1283764.28048447,204399.440735981],[1283704.51419981,204569.67333515],[1283667.63041531,204674.729555473],[1283647.89357814,204730.413499221],[1283571.76151255,204945.210313722],[1283535.82096764,205010.917203307],[1283479.58650005,205078.400336057],[1283438.58920673,205113.481302649],[1283287.14954898,205221.528986812],[1283021.45093338,205409.899344981],[1282884.36688997,205507.155384064],[1282840.24066588,205538.460439563],[1282764.05577889,205606.992126644],[1282764.00787872,205607.03838639],[1282763.93405998,205607.124016136],[1282739.16508064,205637.054074392],[1282720.39083996,205659.74005264],[1282431.99837214,206050.740911067],[1282360.94044338,206149.099310145],[1282254.3832418,206294.170870394],[1282149.45628631,206441.056075305],[1282116.10891205,206499.061536729],[1282084.83961764,206570.800238386],[1282029.97063288,206739.797603816],[1281988.59998073,206867.219593063],[1281895.08146697,207163.460142314],[1281838.98840331,207311.620279059],[1281772.21064973,207460.472999722],[1281772.16176531,207460.578642562],[1281518.55991031,207933.751252636],[1281510.90671039,207948.75844048],[1281453.14206214,208062.032164052],[1281423.90918097,208151.089400649],[1281333.03173806,208692.671322733],[1281255.48825797,209159.941385552],[1281244.56898847,209225.739810392],[1281242.99648505,209235.212888554],[1281232.44368464,209298.790517315],[1281214.50375989,209406.894959897],[1281161.06915547,209728.859867141],[1281130.93109238,209910.439228386],[1281098.28778498,210106.349597722],[1281085.31897889,210184.169980139],[1281080.33998622,210214.049513564],[1281075.36033739,210243.930031225],[1281041.34006423,210448.119911566],[1281026.46870288,210537.332659647],[1281020.99135163,210570.190861642],[1280758.95808305,211127.969273642],[1280716.56774789,211194.001949981],[1280674.39886898,211241.560253814],[1280595.56864606,211304.092280969],[1280439.26810564,211405.878822803],[1280359.24136281,211479.719882473],[1280295.68145056,211565.571088731],[1280295.16996863,211566.4300109],[1280294.66996963,211567.289917305],[1280294.16997063,211568.159994304],[1280293.66012914,211569.019900724],[1280293.16013014,211569.889977723],[1280292.66013114,211570.749884143],[1280292.16013214,211571.619961143],[1280291.66013314,211572.490038142],[1280291.16997664,211573.360115141],[1280290.66997764,211574.229864061],[1280290.18014923,211575.09994106],[1280289.68999273,211575.970018059],[1280289.19983622,211576.840095058],[1280288.69983722,211577.709843978],[1280288.2100088,211578.579920977],[1280287.7198523,211579.449997976],[1280287.23002389,211580.329917476],[1280286.73986739,211581.199994475],[1280286.25003897,211582.070071474],[1280285.77005306,211582.940148473],[1280285.27989656,211583.820067972],[1280284.79006813,211584.690144971],[1280284.29991163,211585.57006447],[1280283.81008323,211586.440141469],[1280283.31992672,211587.309890389],[1280283.05549155,211587.780033812],[1280282.8300983,211588.179967389],[1280282.3399418,211589.059886888],[1280281.85011339,211589.929963887],[1280281.35995689,211590.800040886],[1280280.87012847,211591.6701179],[1280280.37012947,211592.550037399],[1280279.87997296,211593.409943804],[1280279.39014456,211594.280020803],[1280278.89998806,211595.150097802],[1280278.39998905,211596.019846722],[1280277.89999005,211596.889923722],[1280277.19986022,211598.010000229],[1280217.74033347,211718.961201891],[1280114.21987122,211929.289849475],[1280065.54805255,212028.188601807],[1279880.02972281,212405.108779728],[1279699.43690814,212771.725172475],[1279694.18921523,212782.378366396],[1279508.60067564,213159.122035474],[1279348.29128498,213492.972089559],[1279320.81791472,213543.648825482],[1279256.26095723,213672.110182732]]},"properties":{"OBJECTID":188,"SegID":"Q_3","GroupID":"Q","OutsideSEA":0,"Shape_Leng":16206.0097647,"Tier_updat":"High","Comments":" "}},{"type":"Feature","id":189,"geometry":{"type":"LineString","coordinates":[[1272177.5785923,225668.86998181],[1271485.66954306,225259.607348889],[1269960.29989038,224358.499899149],[1269683.39624472,224194.549439639],[1269648.44290255,224253.574255973],[1269527.55042781,224457.81039606],[1269800.57481614,224619.522671059],[1269804.42717063,224621.804490641],[1269804.43471655,224621.809739977],[1269804.53904705,224621.870763481],[1270064.68452413,224775.955429062],[1270081.55424106,224785.947535053],[1270098.89508563,224796.207685143],[1270104.80813156,224799.706365809],[1270301.66469322,224916.180870399],[1270313.86972131,224923.402312636],[1270353.63801447,224946.932121232],[1270358.45460589,224949.781853065],[1270358.49331972,224949.804818898],[1270359.18984064,224950.21754773],[1270359.20624481,224950.227062136],[1270372.14978847,224957.894697726],[1270631.29395522,225111.415716141],[1270635.66894647,225114.007574469],[1270635.75326389,225114.057443142],[1270771.25824222,225194.259382471],[1272020.82595305,225933.920304731],[1272176.66684872,225670.412629649]]},"properties":{"OBJECTID":189,"SegID":"G_1","GroupID":"G","OutsideSEA":0,"Shape_Leng":6406.87991048,"Tier_updat":"High","Comments":" "}},{"type":"Feature","id":190,"geometry":{"type":"LineString","coordinates":[[1267973.75005773,229284.585191309],[1267975.56895173,229284.538931563],[1268111.64610739,229281.068794146],[1268262.30984806,229277.25023222],[1268289.12442698,229276.570443556],[1268332.93995614,229275.45988147],[1268516.15186006,229270.92872256],[1268584.00999205,229269.119999141],[1268895.82793798,229261.119687065],[1269008.40054747,229258.209915981],[1269141.92882372,229254.727639481],[1269228.12058046,229252.47961247],[1269524.68265139,229244.901215553],[1269544.96181031,229244.387765139],[1269871.20951739,229236.12925148],[1269992.35986564,229233.031160563],[1270008.19021456,229232.628602311],[1270021.28008339,229232.291988805],[1270166.99895206,229228.568571061],[1270270.96134256,229225.985570982],[1270290.76904573,229225.493445978],[1270391.14482923,229222.999684557],[1270426.76254013,229222.136497304],[1270484.77915639,229220.730988309],[1270587.0089388,229218.241163895],[1270767.07747631,229213.819256723],[1270976.07148089,229208.751681566],[1271076.69004606,229205.600113064],[1271141.53571689,229199.643103972],[1271141.68204206,229199.632605314],[1271217.40990897,229187.109992564],[1271244.2500784,229183.690051898],[1271278.81989114,229179.960072473],[1271315.78175947,229176.380683303],[1271351.55990314,229174.590004474],[1271409.38983998,229174.590004474],[1271472.09640747,229176.380355224],[1271534.78000914,229178.170049816],[1271640.02979864,229192.710375056],[1271694.3098738,229191.409852728],[1271743.53287247,229190.232033566]]},"properties":{"OBJECTID":190,"SegID":"K2_3","GroupID":"K2","OutsideSEA":0,"Shape_Leng":3773.80778687,"Tier_updat":"High","Comments":" "}},{"type":"Feature","id":191,"geometry":{"type":"LineString","coordinates":[[1267360.37989339,245174.208923817],[1267360.86840947,245194.791231722],[1267387.12196589,246300.703718066],[1267397.96347964,246757.400311232],[1267420.23279205,247620.287693053],[1267454.28784205,248939.848374143],[1267472.53386855,249646.847288221],[1267485.71724114,249792.717075229],[1267521.04000513,250007.441055223],[1267569.92409372,250204.180163056],[1267584.97327623,250247.617084056],[1267627.01715539,250368.970187813],[1267688.08232197,250503.980744556],[1267744.24428314,250604.30829981],[1267825.30448847,250743.215174228],[1267857.40842688,250820.628733307],[1267887.26925956,250931.810597554],[1267920.22096531,251152.115931228],[1267961.38623731,251495.5588139],[1267984.8035133,251690.930142313],[1268016.98947255,251812.296369389],[1268066.26037139,251926.029409647],[1268142.20739797,252053.309994981],[1268174.0551033,252115.175356805],[1268196.81949347,252217.162685648],[1268200.78962989,252351.437679559],[1268208.2656648,252768.463420317],[1268229.77448006,253968.274012804],[1268231.46574964,254088.258680969],[1268244.61664197,255021.300778136],[1268252.04805756,255548.53856881]]},"properties":{"OBJECTID":191,"SegID":"A1_1","GroupID":"A1","OutsideSEA":0,"Shape_Leng":10507.2371955,"Tier_updat":"High","Comments":" "}},{"type":"Feature","id":192,"geometry":{"type":"LineString","coordinates":[[1255073.88051631,194319.409386888],[1255122.54183631,194467.487830892],[1255109.67768881,194573.412159726],[1255094.07896672,194636.412689894],[1255087.7387563,194673.009729564],[1255084.7666494,194690.170784473],[1255083.86015514,194723.690074399],[1255083.34276772,194742.819629312],[1255092.96446764,194834.80730623],[1255095.15212731,194855.723931059],[1255098.88998072,194876.009979725],[1255147.95943639,195360.58709456],[1255162.46006356,195870.000117719],[1255164.04995538,195925.489836141],[1255167.85112889,196058.3192949],[1255170.51975872,196151.552048057],[1255184.86192164,196652.59008798],[1255185.96887481,196691.212714136],[1255186.52760072,196710.698239475],[1255190.81827456,196860.640196815],[1255198.85762855,197141.428021058],[1255208.29002438,197471.011679471],[1255215.50752963,197723.200151473],[1255217.71815515,197800.370272726],[1255222.73094039,197975.66815047],[1255225.17909822,198061.061352387],[1255230.87987421,198258.699080482],[1255234.82835715,198395.570197806],[1255246.21973856,198790.466389641],[1255253.50253239,199042.940294147],[1255255.29255505,199104.850931481],[1255256.48677839,199146.210100725],[1255256.48809072,199146.270139977],[1255258.62358513,199220.360871062],[1255267.34830523,199276.354853556],[1255278.35746956,199346.999397308],[1255337.14901865,199498.6450914],[1255446.69013813,199781.17897515],[1255483.58015622,199891.159726307],[1255540.84907055,200061.899214223],[1255562.10329314,200125.265885398],[1255570.35918213,200149.878040895],[1255741.66920698,200660.780234307],[1255764.81811081,200729.80896765],[1255877.60102172,201066.160329059],[1255918.84634605,201189.150896728],[1255937.1425693,201261.018535137],[1255940.7823258,201317.801886141],[1255946.94602738,201413.96672006],[1255946.95127672,201414.098281473],[1255947.84891272,201444.360031977],[1255955.52081339,201704.080641136],[1255963.8590513,201986.189985067],[1255964.38234422,202003.944870815],[1255966.67991181,202080.567420974],[1255971.83770989,202252.509990469],[1255971.83902222,202252.612352476],[1255976.98271272,202298.309439555],[1255989.54108655,202342.548196226],[1255996.15983972,202358.200067803],[1255998.50005814,202363.740082979],[1256005.58993897,202377.280082136],[1256009.17096855,202384.130790219],[1256035.34184797,202421.941410139],[1256067.35031414,202454.96037297],[1256104.32989897,202482.29233931],[1256145.28749423,202503.20863606],[1256189.1105693,202517.138070136],[1256205.38842389,202520.871002316],[1256245.41295014,202530.049461648],[1256301.58934698,202542.931981802],[1256505.67620914,202589.749801561],[1256669.75166839,202627.388505816],[1256671.11879164,202677.524888471],[1256674.26051764,202792.738568813],[1256681.39993906,203051.150453553],[1256687.89073972,203287.648012057],[1256695.14499031,203470.572186887],[1256700.29983564,203600.564380974],[1256705.97174031,203744.233384982],[1256720.47400789,204108.488890067],[1256740.32698655,204606.616502732],[1256747.61470164,204789.528866559],[1256763.74196596,205194.296757802],[1256766.60974239,205266.258228064],[1256792.44072747,205915.588622317],[1256800.07785131,206108.48587431],[1256818.55944164,206575.287762225],[1256829.53087638,206850.551319316],[1256844.66896947,207230.158499733],[1256852.53509547,207427.44321014],[1256871.22731531,207896.250015303],[1256897.12030813,208545.762167722],[1256966.55881755,208543.926213399],[1257097.84267572,208540.455419809],[1257223.1773988,208537.141778141],[1257516.43435822,208529.597829983],[1257549.04682581,208528.757936642],[1257875.09341781,208520.427244648],[1258210.52713014,208532.343559399],[1258554.58910605,208503.488958314],[1258873.35454464,208496.768499315],[1259198.69739789,208486.254740804],[1259504.10853247,208478.416173816],[1259514.66592605,208831.92268464],[1259532.68393464,209576.355578974],[1260112.3369748,209564.311967894],[1260198.33253773,209573.538327396],[1260279.20967256,209604.18491964],[1260327.6711898,209635.587743983],[1260388.68451922,209696.887490138],[1260432.23823789,209771.608797386],[1260550.3420043,210050.158765227],[1260897.40791123,210837.764145389],[1260901.31899264,211104.844976053],[1260918.43608439,211432.959149227],[1260930.36027314,211661.046291471],[1260941.74542098,211879.249923304],[1260948.28969923,211990.414727226],[1260953.35005656,212113.677604064],[1260974.07048756,212160.597785816]]},"properties":{"OBJECTID":192,"SegID":"U_1","GroupID":"U","OutsideSEA":0,"Shape_Leng":22029.0918106,"Tier_updat":"High","Comments":" "}},{"type":"Feature","id":193,"geometry":{"type":"LineString","coordinates":[[1271208.34988773,212081.92012164],[1271211.44732247,212452.541427642],[1271229.00437397,212595.681233227],[1271233.63986339,212830.450120643],[1271234.15003297,212855.740096316],[1271239.25993089,213105.739924386],[1271239.7599299,213130.759887472],[1271246.71988972,213484.160099313],[1271247.81011064,213539.619962141],[1271263.31992213,214324.559993312],[1271272.39995646,214782.689982563],[1271278.37993139,215084.350140393],[1271293.41992755,215844.289893478],[1271298.16007556,216081.410154149],[1271308.6000153,216604.330040053],[1271322.05011964,217404.089923471],[1271339.30992764,218154.179958731],[1271343.54974855,218367.859977558],[1271349.74986739,218680.250100806],[1271354.39027806,218914.109869316]]},"properties":{"OBJECTID":193,"SegID":"R1_1","GroupID":"R1","OutsideSEA":0,"Shape_Leng":6834.5268825,"Tier_updat":"High","Comments":"1st is also important, but is only used south of Atlantic St and could potentially just be High Priority (also add Atlantic between 1st and 4th). 4th is used by transit but can"}},{"type":"Feature","id":194,"geometry":{"type":"LineString","coordinates":[[1263420.90745738,212177.633840978],[1263398.7300083,212149.91211164],[1263309.10321906,212060.213472143],[1263220.07026064,211996.500016898],[1263195.36919455,211968.29042764],[1263186.92990696,211946.079842135],[1263091.24998023,211754.210147142],[1263084.92879863,211742.471325472],[1263081.29986888,211735.7347904],[1263067.80809797,211710.691533387],[1263058.24020372,211692.940584645],[1263028.74813673,211638.226783305],[1263028.72713938,211638.191022232],[1263028.72418664,211638.179867387],[1262996.6678203,211578.731167391],[1262919.46390647,211435.535587639],[1262901.10633163,211401.486443147],[1262890.1306318,211381.129528478],[1262783.08196139,211182.579072565],[1262751.10991247,211123.271776482],[1262750.83104163,211114.07658489],[1262750.28183013,211095.969337642],[1262749.50361647,211070.297472969],[1262742.48952289,210838.894392475],[1262732.20115764,210499.357669979],[1262729.51120239,210410.579632312],[1262715.72874963,209759.45987156],[1262715.54108597,209750.681673899],[1262707.44169272,209533.879942149],[1262694.21796589,209179.944626391],[1262690.59133272,209082.880516052],[1262689.76226614,208995.450572804],[1262695.20713714,208932.809293896],[1262695.23436806,208932.669530392],[1262705.96006839,208870.859942719],[1262764.34873115,208691.731692061],[1262780.65873788,208631.088768721],[1262791.87000155,208569.299850315],[1262797.91067189,208506.788492396],[1262798.04813881,208419.790634885],[1262782.49272372,207874.131621227],[1262779.24076173,207760.060655147],[1262760.44847648,207100.550491229],[1262759.98817556,207083.999999389],[1262745.32055397,206554.655257553],[1262737.79202572,206282.959934816],[1262737.70016238,206279.609875888],[1262736.81761822,206247.627984479],[1262736.72969189,206244.629958972],[1262722.31961572,205734.839968055],[1262707.75173147,205235.190048724],[1262703.14117639,205077.059787557],[1262684.47126622,204417.321605727],[1262684.42861539,204415.710060388],[1262670.27969356,203915.72221522],[1262656.79973364,203439.368837222],[1262662.62255664,203299.66242373],[1262687.88038014,203162.139732897],[1262758.23128931,202971.429484397],[1262843.13171005,202808.025939807],[1262924.4573348,202651.502958894],[1262972.5202308,202558.999534979],[1263025.88757814,202437.582126886],[1263034.11000264,202413.960126892],[1263038.15986331,202401.610085979],[1263044.67986339,202379.590116888],[1263060.69754788,202319.117796898],[1263060.75299397,202318.919634566],[1263060.96624814,202317.798573807],[1263070.60008714,202267.849854812],[1263074.40782231,202246.182575315],[1263076.04003689,202235.320064232],[1263078.00984922,202220.439844638],[1263085.20176397,202064.748554975],[1263076.12304197,201784.809482306],[1263075.11976314,201753.840056062],[1263066.63093497,201492.638806805],[1263081.02985631,201413.951300144],[1263090.23193763,201363.663671061],[1263171.99883448,200916.831231385],[1263116.78897114,200409.740053982],[1263078.8152938,200056.11313656],[1263070.14044239,199975.329833552],[1263045.3173293,199748.40804331],[1262999.77148864,199331.923640057],[1263000.24884988,199309.012924731],[1263041.44069664,199084.9116669],[1263110.22697639,198822.586732224],[1263129.07503581,198755.644936979],[1263176.87973022,198585.861811981],[1263204.09194614,198417.628224567],[1263186.54014397,197754.718461141],[1263179.43221855,197444.746968225],[1263171.52836297,197100.069836065],[1263163.85285339,196772.759795144],[1263156.18062463,196445.44778572],[1263148.67309372,196125.105578646],[1263140.8387918,195790.820157975],[1263129.42378838,195303.939898148],[1263125.49236581,195136.195811063],[1263117.79126573,194830.646881476],[1263117.15708064,194805.482233644],[1263115.91266055,194756.10273923],[1263115.33917089,194733.339005232],[1263112.66004239,194627.019992143],[1263108.70007655,194470.300161228],[1263108.58426313,194470.298848897]]},"properties":{"OBJECTID":194,"SegID":"V_1","GroupID":"V","OutsideSEA":0,"Shape_Leng":18063.8323702,"Tier_updat":"High","Comments":" "}},{"type":"Feature","id":195,"geometry":{"type":"LineString","coordinates":[[1277770.44010997,216672.590730309],[1277763.52017631,216685.930926725],[1277764.6520638,217033.902015552],[1277769.26655589,217216.560114816],[1277771.71897881,217313.749881059],[1277772.29935822,217336.709480807],[1277834.47016564,217551.89080897],[1277843.59613164,217589.002283305],[1277846.97178106,217602.729289979],[1277853.6381063,217656.029052138],[1277859.18993247,217743.750005305],[1277868.14824788,218082.258514643],[1277872.38117905,218173.320668474],[1277877.5199483,218203.150005147],[1277884.72793914,218248.402211219],[1277955.74977872,218512.990592808],[1277962.92003997,218545.109951138],[1277974.42100123,218607.271572232],[1277983.21986814,218663.605120972],[1277983.23397572,218663.694359645],[1277983.0591073,218663.688126057],[1277981.85996272,218663.645147145],[1277987.69918989,218707.898995638],[1277991.96132047,218740.210938886],[1277992.92621355,218774.25647448],[1277993.35140955,218789.157691389],[1277993.85468939,218806.886986643],[1277995.36780973,218860.084386811],[1277995.37010631,218860.140160978],[1277993.65849556,218892.69915098],[1277988.00102656,219000.340667978],[1277987.46920347,219004.63987197],[1277987.20115939,219006.780287638],[1277986.6693363,219011.079819724],[1277986.4016203,219013.220235392],[1277986.13816939,219015.369837388],[1277985.86979721,219017.520095557],[1277985.60175315,219019.660183147],[1277985.33830222,219021.809785143],[1277985.06993006,219023.960043311],[1277984.80221406,219026.100130886],[1277984.53876314,219028.249732897],[1277984.27006289,219030.399991065],[1277984.00169072,219032.550249219],[1277983.73823981,219034.69985123],[1277983.4705238,219036.839938805],[1277983.20182355,219038.990196973],[1277982.93935689,219041.129956469],[1277982.67065664,219043.280214638],[1277982.13883355,219047.579746723],[1277981.87111756,219049.720162392],[1277981.33896638,219054.020022556],[1277981.07125039,219056.160110146],[1277980.80779947,219058.309712142],[1277980.53942731,219060.45997031],[1277980.27105513,219062.610228479],[1277979.73956014,219066.899918064],[1277979.20839322,219071.189935729],[1277978.94002105,219073.339865804],[1277978.67132081,219075.490123972],[1277978.40852605,219077.629883483],[1277978.14015388,219079.780141637],[1277977.87178172,219081.930071726],[1277977.6083308,219084.079673722],[1277977.34028672,219086.220089391],[1277977.07191455,219088.370347559],[1277976.80846363,219090.519949555],[1277976.75957923,219090.90216665],[1277915.71016064,219364.998731315],[1277894.23087288,219473.17699264],[1277889.89098656,219575.528165892],[1277894.22988863,219623.389946803],[1277900.9470668,219665.351805136],[1277900.97823472,219665.460072637],[1277908.49987322,219694.730027229],[1277915.59992464,219721.600052223],[1277939.32002155,219790.878785059],[1277989.36946213,219869.538732722],[1277997.37141463,219914.896909729],[1278001.48656389,220181.074198887],[1278004.01969531,220344.911141559],[1278009.93930289,220704.891064644],[1278015.37072247,221035.309367061],[1278016.51934223,221102.070060313],[1278023.3720188,221500.892425388],[1278024.14990439,221546.17842406],[1278026.68041115,221693.423864469],[1278030.25323863,221901.337818727],[1278032.94909939,222058.198397398],[1278037.05145338,222297.020098224],[1278039.46253781,222437.438124478],[1278039.48747213,222438.836087555],[1278045.67610806,222820.703762144],[1278046.52321923,222872.977935806],[1278046.52289113,222873.121964395],[1278046.50287805,222873.223342136],[1278041.60885897,222894.438522816],[1278035.79883122,222905.526755229],[1278028.4901188,222915.750159979],[1278023.57149348,222928.862994641],[1278007.17946589,222950.179881141],[1278000.62042388,222986.248706639],[1278002.02002738,223022.269960061],[1278007.16831106,223294.310754552],[1278010.86646639,223490.028210893],[1278010.91010147,223492.330043554],[1278012.95077981,223600.339013889],[1278020.29820606,223899.259019732],[1278013.03214447,223930.22057198],[1278015.2716413,224023.473010138],[1278008.42388597,224060.282975897],[1277996.61583872,224102.594899148],[1277993.73592322,224119.874392137],[1277993.71098889,224120.02301389],[1277992.77299863,224125.651283473],[1277985.79204147,224167.53702648],[1277979.16114922,224195.266957894],[1277974.96791613,224212.801043555],[1277966.11196272,224262.984014064],[1277954.30391547,224317.103000313],[1277948.40005589,224375.158002302],[1277947.41711822,224443.052879646],[1277944.46404015,224506.028147399],[1277946.79802497,224573.049666896]]},"properties":{"OBJECTID":195,"SegID":"N_1","GroupID":"N","OutsideSEA":0,"Shape_Leng":7979.82234402,"Tier_updat":"High","Comments":"23rd Ave should be Premium from Rainier to at least Jefferson, possibly all the way to Madison. It serves future Judkins Park light rail station and carries multiple frequent routes (48, 4, 8) through an urban village"}},{"type":"Feature","id":196,"geometry":{"type":"LineString","coordinates":[[1268255.30526888,255549.026100636],[1268255.32167305,255550.050376803],[1268252.07036722,255550.128788725],[1267594.17995073,255566.039189979],[1267341.98360471,255572.136946812],[1266928.21048214,255582.140863806],[1266575.58914013,255590.670046225],[1266265.93949696,255598.159532562],[1266022.36944605,255604.050268814],[1265938.52086048,255606.078151897],[1265601.0996193,255614.237584397],[1265444.79973505,255618.644727811],[1265271.19181456,255623.540059224],[1264941.29024339,255632.841549814],[1264702.84977539,255639.569226637],[1264674.86098622,255640.358923227],[1264611.38998455,255642.148945898],[1264285.03040105,255651.351355314],[1263626.97102164,255669.91890347],[1263383.37439597,255676.787328064],[1262968.99169455,255688.471359804],[1262961.99006814,255688.568144396],[1262655.15931697,255692.709212229],[1262395.17952198,255696.301068559],[1262143.24925156,255699.740038052],[1262063.62342656,255700.826650053],[1261883.11886631,255703.289899722],[1261627.53932497,255706.777753636],[1261301.80080321,255711.221314311],[1260971.7092718,255715.729179308],[1260743.74647313,255718.839737386],[1260636.03113739,255720.309222639],[1260306.67549689,255724.800027311],[1260306.06952697,255724.809869811],[1260040.75837781,255728.920097813],[1259776.51054673,255733.018514812],[1259512.44939506,255737.109057814],[1259423.89314172,255738.480118066],[1259249.44828063,255741.180900052],[1259117.11029072,255742.990935802],[1258979.30118313,255745.370852306],[1258713.73905022,255749.481408387],[1258449.60145514,255753.579169229],[1258185.63971272,255757.669384137],[1258104.05194938,255758.932833061],[1257922.07823198,255761.750740811],[1257648.50036706,255766.027635142]]},"properties":{"OBJECTID":196,"SegID":"D_1","GroupID":"D","OutsideSEA":0,"Shape_Leng":10610.2363184,"Tier_updat":"Medium","Comments":" "}},{"type":"Feature","id":197,"geometry":{"type":"LineString","coordinates":[[1273405.32777722,271320.377759978],[1273453.59834997,271318.877762973],[1273742.97605206,271309.885654971],[1273743.47408256,271309.868594646],[1273862.41380531,271305.909941137],[1273862.91380431,271305.892880812],[1274054.36748964,271299.519205898],[1274328.11300513,271290.40603514],[1274403.0780783,271287.91096139],[1274478.04249531,271285.416543812],[1275063.19585255,271265.940860972],[1275397.01867571,271254.82408531],[1275720.94847405,271244.036705315],[1276383.42385514,271221.993442312],[1276413.43166913,271220.914048135],[1277047.98584622,271198.093555719],[1277380.32573272,271186.141479895],[1277710.62953405,271174.267815977],[1277712.62165606,271174.195637643],[1278009.59022222,271163.510947719],[1278044.95498089,271162.239296719],[1278314.17032172,271152.557229474],[1278634.12014113,271141.051346973],[1279039.82438222,271126.460168809],[1279041.83947006,271126.388318554],[1279373.20232439,271116.132433563],[1279375.22528622,271116.069441557],[1279377.20231639,271116.008089975],[1279708.69213897,271105.748267978],[1280041.43884881,271095.449404061],[1280373.40406413,271085.174490228],[1280375.39520189,271085.117403731],[1280377.40405613,271085.050474733],[1280709.11828773,271074.784091055],[1281042.05430163,271064.479649723],[1281377.99457464,271054.081376553],[1281380.30329706,271054.009854391]]},"properties":{"OBJECTID":197,"SegID":"E_2","GroupID":"E","OutsideSEA":0,"Shape_Leng":7979.43934375,"Tier_updat":"Medium","Comments":"Future connection to light rail - should be High Priority"}},{"type":"Feature","id":198,"geometry":{"type":"LineString","coordinates":[[1265670.26713189,260899.287709802],[1265670.34160681,260905.142356887],[1265686.88619314,262209.015733391],[1265703.63386306,263528.90941906],[1265703.93766822,263552.848019481],[1265727.10428855,264848.700414643],[1265750.69872956,266168.489769816],[1265774.29317056,267488.278796896],[1265774.94408789,267524.697359219]]},"properties":{"OBJECTID":198,"SegID":"A2_3","GroupID":"A2","OutsideSEA":0,"Shape_Leng":6626.25791552,"Tier_updat":"Medium","Comments":" "}},{"type":"Feature","id":199,"geometry":{"type":"LineString","coordinates":[[1268316.3855273,260848.392142311],[1268319.56399864,261169.685134888],[1268319.98525764,261213.384850636],[1268322.70933355,261928.776464477],[1268323.87074855,262007.575519472],[1268343.32412173,263327.432131723],[1268345.65318531,263485.449532226],[1268339.63580889,263843.47276631],[1268347.48651497,264647.325817391],[1268360.37756531,265967.263138145],[1268373.26861563,267287.200130805],[1268374.94873039,267459.221768394]]},"properties":{"OBJECTID":199,"SegID":"A1_3","GroupID":"A1","OutsideSEA":0,"Shape_Leng":6611.24464066,"Tier_updat":"High","Comments":" "}},{"type":"Feature","id":200,"geometry":{"type":"LineString","coordinates":[[1280593.26090789,265793.282514974],[1280697.79678805,266042.88897115],[1280932.28844506,266602.798284397],[1281035.54808106,266849.357502565],[1281185.22986831,267316.786685809],[1281290.86187489,267746.379986733],[1281308.66105188,267864.538214982],[1281359.85747181,268204.395474896],[1281384.88727739,268732.563053727],[1281383.55853988,269180.109074637],[1281379.63925639,270500.10315381],[1281377.99490272,271054.002964646]]},"properties":{"OBJECTID":200,"SegID":"C_1","GroupID":"C","OutsideSEA":0,"Shape_Leng":5391.54414847,"Tier_updat":"High","Comments":" "}},{"type":"Feature","id":201,"geometry":{"type":"LineString","coordinates":[[1268374.78764147,267452.851374313],[1273619.80142964,267320.249605387]]},"properties":{"OBJECTID":201,"SegID":"F_1","GroupID":"F","OutsideSEA":0,"Shape_Leng":5246.68970564,"Tier_updat":"Medium","Comments":"Future connection to light rail, and connecting two urban villages - should be Premium"}},{"type":"Feature","id":202,"geometry":{"type":"LineString","coordinates":[[1274670.83705722,244748.151048899],[1274671.05359222,244748.728147477],[1274696.53188772,244816.052159816],[1274716.0006808,244887.72950989],[1274736.75326397,245411.097557649],[1274741.39498697,245585.708756983],[1274746.88414922,245792.177176058],[1274747.43303263,245812.835927397],[1274754.39233631,246074.607713565],[1274759.46122381,246264.540076479],[1274768.98056172,246621.240806639],[1274775.55994488,246865.52247031],[1274782.12817322,247111.706689224],[1274789.86798714,247401.791410893],[1274795.44146681,247693.420748889],[1274800.30464606,247940.837576896],[1274805.22425564,248195.331490472],[1274809.76394472,248431.411398888],[1274810.31217197,248459.930370733],[1274814.10448723,248655.587787807],[1274815.91255447,248748.249675974],[1274823.41286756,249136.940171555],[1274829.21042813,249436.740096897],[1274835.04014088,249736.719811887],[1274835.31802747,249751.164008722],[1274840.23140347,250006.779967308],[1274841.00010273,250046.698850721]]},"properties":{"OBJECTID":202,"SegID":"J1_2","GroupID":"J1","OutsideSEA":0,"Shape_Leng":5307.45783422,"Tier_updat":"Medium","Comments":" "}},{"type":"Feature","id":203,"geometry":{"type":"LineString","coordinates":[[1280772.89867197,244611.749090731],[1280098.40986347,244625.71002081],[1280014.87525363,244627.390135556],[1279769.27666347,244632.3304144],[1279769.23007564,244632.330086306],[1279260.78260171,244642.696535394],[1279166.77852464,244644.613198221],[1279157.14042056,244644.805455059],[1279157.12893763,244644.807423562],[1279047.68722738,244651.070206314],[1278792.46989006,244652.229980886],[1278791.60998364,244652.25983648],[1278791.2897743,244652.267054304],[1278791.33636214,244654.75786297],[1278697.78175922,244656.103332728],[1278544.12360197,244658.313630149],[1278397.8971884,244660.419597059],[1278392.63243514,244660.31231381],[1277874.73878589,244650.002295062],[1277666.23001656,244675.618385553],[1277406.27909289,244680.949411646],[1277379.5445663,244681.496982723],[1276949.69831313,244690.299786642],[1276671.08961838,244695.811258554],[1276618.90140255,244696.911650062],[1276339.76121281,244702.801402062],[1276252.32733256,244704.592737064],[1276059.82148397,244708.534658313],[1275845.67099364,244714.720341474],[1275779.9001278,244716.619943976],[1275495.09984438,244724.878457636],[1275210.18834072,244733.138611719],[1274930.22892688,244741.221272722]]},"properties":{"OBJECTID":203,"SegID":"I_4","GroupID":"I","OutsideSEA":0,"Shape_Leng":5848.25041737,"Tier_updat":"High","Comments":" "}},{"type":"Feature","id":204,"geometry":{"type":"LineString","coordinates":[[1288097.09990281,249764.200071886],[1288013.20013621,249762.499944061],[1287823.00005731,249766.899869636],[1287632.9000438,249772.099990472],[1287356.39994064,249779.899843648],[1287243.89983755,249781.999905065],[1287023.50001588,249784.599965483],[1286953.50015588,249786.099962473],[1286781.09991014,249791.099952474],[1286635.00013672,249794.700010896],[1286590.99989665,249795.700008899],[1286435.40014222,249799.400132731],[1286382.60005097,249800.699998885],[1286283.80005172,249802.800060302],[1286126.69997223,249806.099922478],[1285958.19998114,249810.900109723],[1285949.59993272,249811.09991248],[1285923.70005015,249808.199983895],[1285896.70010413,249801.199997887],[1285804.59989464,249776.499916062],[1285546.89995073,249704.799928233],[1285484.90007472,249687.400028646],[1285453.49987505,249668.300001219],[1285428.09999147,249632.400138646],[1285412.60002246,249563.799882144],[1285395.29986022,249532.10014239],[1285361.50005905,249505.299999148],[1285341.00010006,249497.900079563],[1285312.30002622,249495.300019145],[1285203.50004697,249503.000134975],[1285177.40003355,249514.400046557],[1285151.00015198,249538.199867725],[1285139.80004314,249556.399962559],[1285131.40012555,249583.600039393],[1285133.09992531,249677.69991681],[1285126.49987289,249715.299907222],[1285111.49990289,249750.499968067],[1285068.99998789,249832.599869475],[1284969.9998578,249835.099864483],[1284810.80004497,249838.900053725],[1284696.4000113,249841.599851474],[1284556.10009505,249844.900041729],[1284485.69997339,249846.696954146],[1284422.79983672,249848.299969316],[1284310.30006172,249850.900029719],[1284156.80004063,249854.600153565],[1283826.09991464,249860.699878886],[1283740.50002022,249862.199875891],[1283495.49985406,249866.60012956],[1283164.80005614,249872.600117564],[1283021.52278364,249875.223143816],[1282833.99986473,249878.600105554],[1282605.99999264,249882.500032142],[1282573.00005864,249883.000031143],[1282465.49994555,249885.00002715],[1282333.09994788,249887.399956733],[1282309.09999588,249887.79989031],[1282158.89983697,249890.700146973],[1282059.00010239,249892.500012144],[1281511.49988505,249906.260155231],[1281511.49988505,249902.499992147],[1281511.4713418,249902.500976399]]},"properties":{"OBJECTID":204,"SegID":"D_4","GroupID":"D","OutsideSEA":0,"Shape_Leng":6958.23536627,"Tier_updat":"Low","Comments":" "}},{"type":"Feature","id":205,"geometry":{"type":"LineString","coordinates":[[1281511.4713418,249902.500976399],[1281294.89992456,249909.700108975],[1281178.49989489,249911.600039557],[1281104.89997648,249912.899905726],[1281034.90011647,249914.200099975],[1280843.99990772,249917.10002856],[1280774.89998031,249918.100026563],[1280584.00009964,249921.999953136],[1280514.59997597,249924.800144389],[1280325.99995947,249925.700076982],[1280254.90003605,249924.700078979],[1280032.40015297,249928.600005552],[1279994.49996631,249929.300135389],[1279772.79995039,249933.200061977],[1279734.90009181,249933.89986372],[1279554.90012372,249937.102613226],[1279509.89988564,249937.899855733],[1279475.10008647,249938.499920145],[1279215.30008113,249943.099976555],[1279085.59988122,249945.399840727],[1278955.10014223,249947.700032979],[1278703.30012089,249952.400154814],[1278440.29999073,249957.900143802],[1278176.39992797,249963.20000197],[1278027.30016056,249966.30006139],[1277896.99989623,249968.900121808],[1277851.29985639,249969.800054386],[1277768.59989056,249971.499854147],[1277676.2998783,249973.499850139],[1277641.90001272,249974.199979976],[1277510.00001405,249976.800040394],[1277471.00009206,249991.500142232],[1277365.99997397,249994.199939981],[1277233.30010813,249997.599867553],[1277100.9998478,249997.900063813],[1276969.29997997,249998.199931979],[1276836.60011414,249995.800002396],[1276705.2998518,249993.400072813],[1276572.99991955,249996.099870563],[1275259.10162872,250033.35176456]]},"properties":{"OBJECTID":205,"SegID":"D_3","GroupID":"D","OutsideSEA":0,"Shape_Leng":6256.51666306,"Tier_updat":"Medium","Comments":" "}},{"type":"Feature","id":206,"geometry":{"type":"LineString","coordinates":[[1268252.04805756,255548.53856881],[1268252.07036722,255550.128788725],[1268256.99752273,255899.681239232],[1268256.4958833,256074.812778726],[1268265.76423748,256446.399305895],[1268266.03654663,256472.328059807],[1268266.54966897,256516.516947806],[1268269.00537272,256727.943690315],[1268273.74355222,257135.877585724],[1268274.50404939,257201.329226479],[1268273.53817205,257231.009941399],[1268283.38001589,258047.836719811],[1268288.39247306,258463.866071478],[1268295.03255163,258801.93921423],[1268293.99876106,258879.833415389],[1268299.66541639,259367.701534137],[1268313.6375013,260570.655821145],[1268314.79465123,260687.614904806],[1268316.2516693,260834.875108972],[1268316.3855273,260848.392142311]]},"properties":{"OBJECTID":206,"SegID":"A1_2","GroupID":"A1","OutsideSEA":0,"Shape_Leng":5300.36024722,"Tier_updat":"High","Comments":" "}},{"type":"Feature","id":207,"geometry":{"type":"LineString","coordinates":[[1268374.94873039,267459.221768394],[1268386.12587339,268603.683718309],[1268386.1806633,268607.136795387],[1268407.06579214,269926.971754149],[1268424.85250197,271050.981317148],[1268421.70060539,271099.401823983],[1268423.50014247,271246.717474222],[1268425.76818256,271432.36605306],[1268425.78327438,271441.129486978]]},"properties":{"OBJECTID":207,"SegID":"A1_4","GroupID":"A1","OutsideSEA":0,"Shape_Leng":3982.39602155,"Tier_updat":"High","Comments":" "}},{"type":"Feature","id":208,"geometry":{"type":"LineString","coordinates":[[1265774.94408789,267524.697359219],[1265797.88793963,268808.067823976],[1265821.48238064,270127.856851056],[1265844.8432263,271434.57799089],[1265848.74708989,271492.632008642]]},"properties":{"OBJECTID":208,"SegID":"A2_4","GroupID":"A2","OutsideSEA":0,"Shape_Leng":3968.69052296,"Tier_updat":"Medium","Comments":" "}},{"type":"Feature","id":209,"geometry":{"type":"LineString","coordinates":[[1265603.2059143,255614.203791812],[1265603.2059143,255614.208713055],[1265619.9125738,256930.848140135],[1265636.66024372,258250.741825804],[1265653.40824172,259570.635511473],[1265670.13819514,260889.122047722],[1265670.26713189,260899.287709802]]},"properties":{"OBJECTID":209,"SegID":"A2_2","GroupID":"A2","OutsideSEA":0,"Shape_Leng":5285.50936347,"Tier_updat":"Medium","Comments":" "}},{"type":"Feature","id":210,"geometry":{"type":"LineString","coordinates":[[1260306.49603531,255724.792809471],[1260306.67549689,255734.51621522],[1260310.55705081,255944.92491515],[1260318.91956688,256398.237984896],[1260375.27444105,256678.034013227],[1260442.78382047,256863.113039389],[1260550.21831688,257061.620844483],[1260640.49438305,257191.865662724],[1260654.72335722,257212.393836886],[1260831.58619247,257409.5115529],[1261011.26956014,257563.158555314],[1261655.60390139,258026.740633398],[1262727.09618098,258797.651821226],[1263350.48272946,259246.162735224],[1264023.03945522,259714.375709563],[1264353.7182558,259955.631788731],[1265668.55289647,260914.907429233],[1266680.62108231,260888.029858306],[1268316.2516693,260844.592609227],[1268333.22801331,260844.141822726],[1268339.56002164,260843.99812223]]},"properties":{"OBJECTID":210,"SegID":"K_5","GroupID":"K","OutsideSEA":0,"Shape_Leng":10476.4767357,"Tier_updat":"High","Comments":" "}},{"type":"Feature","id":211,"geometry":{"type":"LineString","coordinates":[[1260290.76279905,247719.757966563],[1260291.2995434,247729.445611224],[1260324.59147155,249377.76121223],[1260341.4841543,250214.122072309],[1260328.77354981,250351.503359228],[1260239.66513222,250481.766878232],[1260211.73703848,250588.130510643],[1260213.17043455,250665.823268637],[1260237.51717064,251985.598516226],[1260261.86357863,253305.374091893],[1260286.21031472,254625.149667561],[1260306.49603531,255724.792809471]]},"properties":{"OBJECTID":211,"SegID":"K_4","GroupID":"K","OutsideSEA":0,"Shape_Leng":8038.18461843,"Tier_updat":"High","Comments":" "}},{"type":"Feature","id":212,"geometry":{"type":"LineString","coordinates":[[1265723.94254947,245238.304596141],[1265721.5974098,245239.08740297],[1265727.81229238,245478.689614058],[1265729.88545097,245541.129121721],[1265751.62622114,246291.810035065],[1265684.72806098,246336.182977811],[1265633.98373988,246424.746777058],[1265635.88367046,246500.992687553],[1265650.31408781,247080.10406214],[1265655.11821206,247272.913059726],[1265668.76516639,247820.582896143],[1265701.64666231,249140.173432812],[1265734.52815822,250459.763641387],[1265742.47696123,250778.757754058],[1265728.60625406,250837.405930728],[1265706.85596947,250871.400613397],[1265547.28870331,250975.980784804],[1265519.76480822,251017.022041306],[1265505.8950853,251075.670217976],[1265519.45345713,251675.334044889],[1265549.29132397,252994.996759892],[1265579.12886272,254314.659474894],[1265596.42049481,255079.429926977],[1265603.1645758,255610.954454482],[1265603.20558622,255614.186731473],[1265603.2059143,255614.203791812]]},"properties":{"OBJECTID":212,"SegID":"A2_1","GroupID":"A2","OutsideSEA":0,"Shape_Leng":10534.0247562,"Tier_updat":"Medium","Comments":" "}},{"type":"Feature","id":213,"geometry":{"type":"LineString","coordinates":[[1260290.76247098,247719.741890475],[1260125.20899631,247723.911829636],[1259993.95761839,247727.217597306],[1259633.64928389,247734.43018131],[1259271.90788139,247742.490532637],[1258932.4495708,247750.058102816],[1258834.13086981,247752.248059064],[1258805.52823672,247752.865839973],[1258754.0916598,247753.976402059],[1258675.66563556,247755.670296311],[1258592.30786264,247757.470489562],[1258189.83425814,247766.170275316],[1257790.17823331,247774.809037566],[1257492.4642618,247780.354630142],[1257485.81762156,247780.44977431],[1256859.67746964,247789.397919148],[1256566.81519447,247793.161034971],[1256411.05927239,247795.162671387],[1256191.16929223,247797.98845315],[1256165.93902773,247798.343439311],[1255784.48047306,247803.710554555],[1255756.18000472,247804.109831974],[1255504.93903738,247807.648866892],[1254846.03615572,247814.105874971]]},"properties":{"OBJECTID":213,"SegID":"I_1","GroupID":"I","OutsideSEA":0,"Shape_Leng":5445.60598905,"Tier_updat":"High","Comments":" "}},{"type":"Feature","id":214,"geometry":{"type":"LineString","coordinates":[[1265721.40023172,245230.620884478],[1265721.37890631,245230.621212557],[1265379.58136156,245238.070672721],[1265364.00035597,245238.410238981],[1265296.51361431,245266.495156556],[1265249.61016481,245286.011521727],[1265245.93005405,245287.98986423],[1265237.2499533,245292.629946813],[1265214.29002547,245304.919948474],[1265180.58897738,245326.601335555],[1265095.24925305,245397.752111897],[1265062.7699873,245426.069968641],[1265003.31997497,245477.899917483],[1264997.71992056,245482.780157059],[1264975.65008281,245502.030118555],[1264959.1501158,245516.410011053],[1264958.6599593,245516.840128303],[1264945.63012972,245529.050077647],[1264905.5872308,245566.619884387],[1264905.46452764,245566.756038979],[1264833.68940872,245648.510796726],[1264774.88014314,245725.360052481],[1264757.16003422,245749.049965724],[1264734.41893797,245779.459681809],[1264686.29173763,245844.951348722],[1264656.9007203,245884.95061256],[1264637.61991897,245911.179890811],[1264627.51003106,245924.940033898],[1264567.64204055,246006.421498224],[1264540.82057188,246042.920769066],[1264460.97722764,246151.837874055],[1264398.7595043,246236.711720064],[1264348.22089148,246318.269299731],[1264289.23708555,246445.389452308],[1264284.82174006,246456.989822805],[1264266.8424453,246504.241040647],[1264255.98748013,246532.779041305],[1264232.52131972,246594.450505897],[1264221.07219563,246624.540996894],[1264220.70277381,246625.511139303],[1264209.62110305,246654.64034614],[1264198.16705772,246684.748881727],[1264186.70710689,246714.868900225],[1264163.7816278,246775.120748222],[1264152.31085022,246805.270294219],[1264140.84007263,246835.42016831],[1264124.17114273,246879.230448142],[1264075.54886463,247007.030389398],[1264021.47909088,247128.859870136],[1264017.57850814,247136.219107389],[1263995.06083664,247178.690479144],[1263964.17868055,247236.949220896],[1263910.47275122,247338.251511723],[1263906.97210206,247344.856485397],[1263892.75756356,247371.677954063],[1263881.08009347,247393.549957559],[1263797.13997264,247550.759944975],[1263797.09010397,247550.849839807],[1263789.70002688,247563.429867148],[1263781.24991256,247575.449856222],[1263779.74761897,247577.257267311],[1263743.06134064,247643.995650887],[1263641.86009946,247646.220055893],[1263604.87428105,247647.038295731],[1263561.45835739,247647.998923719],[1263477.15176748,247650.388354644],[1263295.52024098,247653.859476313],[1263238.35401672,247655.11931631],[1263144.30499223,247657.191818729],[1263029.58146839,247659.720028892],[1262764.55542363,247665.36109373],[1262763.60923131,247665.381434888],[1262165.92013797,247680.159948647],[1262165.91029547,247680.161589056],[1261635.01995306,247691.010648727],[1261444.89467713,247695.156965896],[1260938.17095305,247706.208124891],[1260540.70488447,247714.515851066],[1260415.97711556,247717.122801229],[1260291.2995434,247719.728439063],[1260290.76247098,247719.741890475]]},"properties":{"OBJECTID":214,"SegID":"I_2","GroupID":"I","OutsideSEA":0,"Shape_Leng":6776.29423666,"Tier_updat":"High","Comments":" "}},{"type":"Feature","id":215,"geometry":{"type":"MultiLineString","coordinates":[[[1267245.2853073,238944.087525815],[1267245.43261673,238955.118343636],[1267245.45984764,238957.180019304],[1267245.28990047,238985.150107726],[1267245.22001871,239056.95016098],[1267254.80694181,239321.465708062],[1267254.88010439,239323.480139732],[1267258.73016231,239601.209899232],[1267259.40995097,239649.90009056],[1267264.65009797,239896.799859226],[1267269.20487888,240188.18018198],[1267269.88991688,240232.019989312],[1267270.46012571,240374.700150147],[1267270.59988922,240422.34014672],[1267271.90992597,240455.539883479],[1267272.4801348,240487.400055975],[1267275.62678206,240662.533563972],[1267277.38793339,240760.548131719],[1267278.4899653,240821.889872566],[1267283.82984965,241118.409948811],[1267286.40989697,241263.420157477],[1267295.1100108,241727.410043135],[1267293.88002639,241780.190121308],[1267304.65986048,242277.750149816],[1267313.1299879,242738.209858805],[1267321.14998497,243198.470093146],[1267328.02989247,243593.989971399],[1267333.04267772,243867.032404304]],[[1267337.16865373,243866.956617057],[1267345.55151097,244549.575986728],[1267355.7949288,244981.075451806],[1267360.37989339,245174.208923817]]]},"properties":{"OBJECTID":215,"SegID":"A_2","GroupID":"A","OutsideSEA":0,"Shape_Leng":6231.35289128,"Tier_updat":"High","Comments":" "}},{"type":"Feature","id":216,"geometry":{"type":"LineString","coordinates":[[1267246.15669663,238944.076042891],[1267246.26069905,238954.597347304],[1267245.43261673,238955.118343636],[1267244.66982298,238955.59800148],[1267125.45779106,239030.601460397],[1266905.74103889,239168.838388637],[1266904.31387639,239169.734056145],[1266661.83667105,239368.293042228],[1266650.96038046,239377.199520469],[1266647.4538258,239399.831364974],[1266650.55027631,239534.069285482],[1266653.09587489,239644.483106643],[1266654.63032064,239716.088606477],[1266657.22677214,239803.230820641],[1266655.01024114,239804.768547222],[1266665.09322622,240080.055726305],[1266665.68115155,240116.05335772],[1266674.01840523,240626.731142148],[1266655.90033123,240939.847313806],[1266655.71233948,240943.095994979],[1266658.61193997,240940.00413765],[1266657.32618138,240964.038866475],[1266657.11850464,240967.921404645]]},"properties":{"OBJECTID":216,"SegID":"H_2","GroupID":"H","OutsideSEA":0,"Shape_Leng":2342.40520664,"Tier_updat":"High","Comments":" "}},{"type":"Feature","id":217,"geometry":{"type":"MultiLineString","coordinates":[[[1267973.75005773,229284.590112552],[1267962.76845239,230137.884009644],[1267973.4905438,230563.583945647],[1267974.70084321,230611.640279979],[1267996.37501247,231472.171039224],[1268003.32348938,231745.203957722],[1268012.79000589,231931.037903637],[1268013.65352122,231947.989969477],[1268025.5593373,232156.686730564],[1268034.59737697,232315.239891142],[1268061.68984248,233250.02673547],[1268062.13045838,233265.225523978],[1268096.66451006,234569.563466474],[1268101.82165197,234764.339979813],[1268122.63361822,235463.578082636],[1268118.95842873,235556.375797316],[1268109.2819389,235622.094825983]],[[1268109.2819389,235622.094825983],[1268108.76291105,235625.619425222]],[[1268109.2819389,235622.094825983],[1268088.88959122,235737.321957722],[1268084.96013714,235757.589961812],[1268042.70005105,235872.440125808],[1267912.34007555,236169.430017397],[1267749.61008605,236519.260026395],[1267636.17986672,236787.649909556],[1267617.29998322,236838.090097398],[1267586.98016196,236919.859946981],[1267568.34010738,236973.229918972],[1267514.39008406,237131.180062398],[1267455.50010997,237333.699998558],[1267410.57008173,237503.289882481],[1267312.54009405,237944.260129139],[1267306.75007939,237973.709873393],[1267295.71991771,238029.750115648],[1267288.3698668,238075.689984396],[1267281.02014397,238118.879858643],[1267276.42993006,238148.280062303],[1267270.92009856,238174.920100898],[1267264.92011055,238216.009913728],[1267260.80988255,238263.12989822],[1267257.13009989,238300.800098479],[1267254.26986939,238345.130062312],[1267242.43984056,238545.190029636],[1267242.43984056,238632.479881316],[1267243.01004939,238773.559979722],[1267245.2853073,238944.087525815]]]},"properties":{"OBJECTID":217,"SegID":"A_1","GroupID":"A","OutsideSEA":0,"Shape_Leng":9813.54488719,"Tier_updat":"High","Comments":" "}},{"type":"Feature","id":218,"geometry":{"type":"LineString","coordinates":[[1260196.5001923,242828.293340057],[1260052.90008581,235376.59991014],[1260046.09990256,234930.400015146],[1260046.0890758,234928.315373644],[1260045.99983715,234911.299987733],[1260045.80003439,234894.099890888],[1260042.49984413,234790.50003247],[1260049.00015922,234728.199960232],[1260058.59987755,234674.20006822],[1260081.00009522,234599.900019974],[1260109.8999718,234532.599957719],[1260624.00491472,233875.708883062],[1260742.79995272,233731.300051138],[1260761.39998114,233708.700030729],[1261123.80148731,233268.401370645],[1261165.70035364,233217.500225723],[1261257.89997239,233105.500121638],[1261289.20010664,233067.300066814],[1261438.00000589,232886.999902472],[1261607.49999498,232687.999972388],[1261825.90014872,232447.199929059],[1261910.39997973,232352.399921805],[1261924.22377098,232336.971474975]]},"properties":{"OBJECTID":218,"SegID":"K_2","GroupID":"K","OutsideSEA":0,"Shape_Leng":11156.6436319,"Tier_updat":"High","Comments":" "}},{"type":"Feature","id":219,"geometry":{"type":"LineString","coordinates":[[1273580.51181005,229668.931207389],[1273909.41075855,229666.022092476],[1274182.25207639,229663.843291059],[1274231.3579493,229663.450903386],[1274435.68529655,229661.716982976],[1274553.34779088,229660.718297303],[1274553.39995614,229660.717969224],[1274876.26020281,229657.990612477],[1275197.46001972,229655.210762396],[1275365.39997256,229653.800004065],[1275436.9598688,229653.199939638],[1275502.20448898,229652.647119224],[1275560.85988347,229652.150072977],[1275591.49171197,229651.889574811],[1275596.88737047,229847.310771897],[1275924.47004864,229839.580800474],[1276250.40804505,229831.891183317],[1276501.87604606,229825.958452389],[1276631.81312214,229822.893497899],[1276649.70973989,229822.471254647],[1276785.90106855,229819.259318814],[1276918.85913597,229816.120873645],[1277240.27811256,229808.499169722],[1277241.21511856,229808.349891812],[1277295.55195214,229799.808242232],[1277312.08964872,229793.579252064],[1277406.55304247,229757.998942643],[1277457.87019706,229738.670241147],[1277485.90852681,229728.110222891],[1277560.77189414,229705.881920889],[1277560.78993872,229705.878640056],[1277836.88092197,229698.508904144],[1278113.00143272,229691.138183981]]},"properties":{"OBJECTID":219,"SegID":"K2_4","GroupID":"K2","OutsideSEA":0,"Shape_Leng":4740.28144311,"Tier_updat":"High","Comments":" "}},{"type":"Feature","id":220,"geometry":{"type":"LineString","coordinates":[[1275940.70328389,227893.964284897],[1276030.61058439,227946.967787802],[1276193.98886655,228043.284852386],[1276763.52840988,228379.450190559],[1277167.38554181,228617.894595563],[1277195.70503896,228634.615034565],[1277688.98554847,228925.478954136],[1277816.84651323,229044.785802141],[1278094.00212689,229313.344648227]]},"properties":{"OBJECTID":220,"SegID":"G_3","GroupID":"G","OutsideSEA":0,"Shape_Leng":2590.70979041,"Tier_updat":"High","Comments":" "}},{"type":"Feature","id":221,"geometry":{"type":"LineString","coordinates":[[1271743.53287247,229190.232033566],[1271750.71986598,229190.060117885],[1271793.51013473,229189.029936224],[1271849.26953764,229187.698902145],[1272127.26930971,229180.807511732],[1272396.76253714,229174.168417394],[1272415.75987448,229206.710018978],[1272456.37002946,229276.260076731],[1272466.9599033,229293.860107139],[1272477.99006498,229311.190124974],[1272484.6114428,229321.02967222],[1272539.62183148,229393.271981806],[1272553.1900458,229408.700100556],[1272567.14014913,229423.780122891],[1272581.48001547,229438.490067229],[1272596.19061597,229452.829605475],[1272674.99918538,229518.601127476],[1272743.70967789,229563.609239563],[1272804.96053964,229595.830959886],[1272869.18088363,229619.481175065],[1272939.07181998,229645.219968721],[1273038.02995539,229665.229115054],[1273114.39922522,229672.038812727],[1273251.73917364,229671.80948247],[1273580.51181005,229668.931207389]]},"properties":{"OBJECTID":221,"SegID":"K2_1","GroupID":"K2","OutsideSEA":0,"Shape_Leng":2038.23808558,"Tier_updat":"High","Comments":" "}},{"type":"Feature","id":222,"geometry":{"type":"LineString","coordinates":[[1273388.57092097,240640.432886392],[1273387.03188205,240533.299898565],[1273382.05813873,240187.104068637],[1273401.51905781,239798.73968789],[1273424.01081072,239550.5315229],[1273427.74079014,239249.644329399],[1273429.37136431,239118.099973053],[1273458.01008655,239051.968871728],[1273449.16791263,238639.799420476],[1273445.6528278,238309.151459724],[1273444.12953688,238165.862048149],[1273945.92118423,238157.679321721],[1273936.97205514,237714.058161721],[1273932.37199873,237486.811240897],[1273924.51145014,237109.604974315],[1273919.28048947,236858.579885811],[1273918.63088447,236827.498583138],[1273908.4983588,236410.361294061],[1273898.28020339,235990.480572149],[1273893.42981939,235789.972114891],[1273886.46854722,235502.201364979],[1273878.60110889,235179.200370565],[1273869.47907989,234822.122016475],[1273879.56173688,234782.950834975],[1273898.69818155,234750.618550554],[1273925.78933471,234704.841411144],[1273943.6990758,234649.290341139],[1273948.52944672,234602.809462979],[1273944.1163978,234487.350376308],[1273942.91134772,234455.820583731],[1273934.38807081,234405.988334313],[1273918.50785322,234366.448387146],[1273895.51872598,234330.569849983],[1273874.11096039,234306.806446061],[1273855.57917331,234286.232012138],[1273840.23832472,234258.228787303],[1273832.33184448,234227.288232386],[1273832.03820989,234177.299159139],[1273825.69701523,233867.189871222],[1273823.92044397,233780.31209223],[1273818.69998197,233525.001907304],[1273812.02447039,233198.362796813],[1273805.13931355,232861.470097899],[1273790.3607998,232189.671244636],[1273783.30799238,231878.675803646],[1273779.3631184,231704.729957312],[1273779.05209538,231691.09973523],[1273611.80866347,231544.10134156],[1273601.74044214,231520.646992147],[1273594.1289088,231259.811227724],[1273590.55936214,230843.930169731],[1273588.77294838,230636.592329815],[1273587.0167183,230432.780073389],[1273586.97767639,230427.779755309],[1273585.37728588,230241.559983388],[1273585.36285022,230240.209920481],[1273584.93010831,230189.668354899],[1273584.11974247,230095.031076983],[1273580.51345047,229668.932519719]]},"properties":{"OBJECTID":222,"SegID":"M_3","GroupID":"M","OutsideSEA":0,"Shape_Leng":11600.0581734,"Tier_updat":"High","Comments":" "}},{"type":"Feature","id":223,"geometry":{"type":"LineString","coordinates":[[1275069.79951389,222088.748861223],[1275035.20903189,222089.063821226],[1275028.26022689,222089.127141312],[1274808.17995839,222091.130090058],[1274412.53737697,222094.790843889],[1274334.80984214,222095.506393641],[1273738.87829122,222105.17894648],[1270154.53014497,222183.079053149]]},"properties":{"OBJECTID":223,"SegID":"P_1","GroupID":"P","OutsideSEA":0,"Shape_Leng":4916.22534447,"Tier_updat":"High","Comments":" "}},{"type":"Feature","id":224,"geometry":{"type":"LineString","coordinates":[[1260974.07048756,212160.597785816],[1260995.20266314,212181.201091066],[1261012.51562063,212188.433360055],[1261089.45345889,212220.573387638],[1261112.35269131,212220.941497147],[1263340.99259098,212189.47371231],[1263415.36317714,212183.178121224]]},"properties":{"OBJECTID":224,"SegID":"R_2","GroupID":"R","OutsideSEA":0,"Shape_Leng":2458.05859335,"Tier_updat":"High","Comments":" "}},{"type":"Feature","id":225,"geometry":{"type":"LineString","coordinates":[[1283217.99876864,194221.998820558],[1283907.2224558,194231.237975314],[1284320.8810773,194222.765879393],[1284418.84052706,194220.759649813],[1284537.81010538,194218.609391645],[1284766.84245571,194214.469636142],[1284770.66987589,194214.39122422],[1285120.68820472,194207.298718721],[1285278.68756063,194204.081205472],[1285426.06193781,194201.079899147],[1285470.26165256,194200.179966554],[1285478.03985222,194541.000151053],[1285478.79936513,194587.450845554],[1285483.84987997,194896.380017728],[1285485.42402381,194979.154786557],[1285494.65661688,195479.590465471],[1285498.11428714,195673.725903973],[1285500.58737931,195812.570770636],[1285501.78094648,195879.569980472],[1285501.80161572,195880.831460893],[1285502.27011873,195907.241513059],[1285509.29963222,196303.340130314],[1285509.66052389,196323.781362399],[1285510.00927646,196343.34005031],[1285512.25927196,196470.068799481],[1285517.17756923,196747.410108313],[1285517.5483034,196768.258819893],[1285518.39738305,196816.179983899],[1285519.33209248,196868.989917636],[1285525.52925855,197218.151620895],[1285525.71003248,197227.033492893],[1285533.27202523,197598.549810231],[1285540.77988422,197976.340065137],[1285542.87994564,198078.060990304],[1285544.6384723,198203.920646727],[1285546.60139489,198344.859997392],[1285550.7408223,198458.690478399],[1285552.55906014,198546.74017106],[1285552.71129081,198554.109906971],[1285556.07873814,198717.097769976],[1285544.02167563,198803.881060973],[1285492.09034905,199179.901634395]]},"properties":{"OBJECTID":225,"SegID":"Q1_1","GroupID":"Q1","OutsideSEA":0,"Shape_Leng":7237.60024979,"Tier_updat":"High","Comments":"Premium on Rainier should continue all the way to Rainier Beach and then connect to the light rail station. This is the path of the future RapidRide R"}},{"type":"Feature","id":226,"geometry":{"type":"LineString","coordinates":[[1275542.06727014,214626.045610815],[1275478.84495564,214715.513935804],[1275404.42154805,214843.206265733],[1275362.15982156,214915.71727556],[1275144.39155631,215295.540990978],[1274867.90260798,215752.4275444],[1274832.46763948,215767.676857725],[1274872.0161168,217312.809594229],[1274876.70803656,217496.11565806],[1274871.71165547,217597.404169396],[1274848.57784347,217647.374213815],[1274832.73633972,217719.498741478],[1274842.97582056,218189.604756638],[1274853.32553738,218625.57763797],[1274874.42818548,219514.518773481],[1274870.38291797,219792.979830727],[1274855.93051906,219850.040412143],[1274834.12774114,219905.974027306],[1274818.12941356,219935.319441065],[1274804.24952005,219960.779363886],[1274767.55274305,220011.274013564],[1274724.65223831,220056.615786389],[1274459.60158731,220302.72585848],[1274341.18318897,220440.669480219],[1274320.27279772,220473.460425138],[1274301.36699563,220541.183058724],[1274293.82501598,220586.946418643],[1274310.42898539,221053.734855145],[1274314.66782205,221172.898330733],[1274321.97030088,221479.370486811],[1274327.55526347,221785.000781059],[1274334.80951406,222095.505081311],[1274335.02408056,222100.34496665],[1274337.80688339,222352.967820972],[1274372.13785148,222619.478770897],[1274434.1410083,222771.03096123],[1274444.54157805,222881.085203066],[1274459.47691564,223008.019988567]]},"properties":{"OBJECTID":226,"SegID":"S_1","GroupID":"S","OutsideSEA":0,"Shape_Leng":7904.26259142,"Tier_updat":"High","Comments":"A new combo of the current Rts 36 and 49 is likely the next RapidRide in Seattle (after the ones already in planning), and should thus probably be a Premium Transit Corridor. Broadway and north is already mostly designated as Premium, but I included the"}},{"type":"Feature","id":227,"geometry":{"type":"LineString","coordinates":[[1263413.51508372,212181.330027804],[1264542.63651314,212029.919241399],[1265489.99058956,212009.97505556],[1266801.32818997,211995.016752139],[1267833.44554831,212094.738337472],[1268282.19235422,212134.626709148],[1268606.28717847,212119.668405727],[1271208.34988773,212081.92012164]]},"properties":{"OBJECTID":227,"SegID":"R_1","GroupID":"R","OutsideSEA":0,"Shape_Leng":7812.43100087,"Tier_updat":"High","Comments":" "}},{"type":"Feature","id":228,"geometry":{"type":"LineString","coordinates":[[1268339.56002164,260843.99812223],[1269910.87643281,260822.276380897],[1270192.6849243,261191.54270272],[1270435.6234148,261473.351522312],[1270620.25657572,261794.030014813],[1270746.58473514,261968.945675477],[1270960.37039681,262095.273834899],[1270960.37039681,260793.123880148],[1270960.37039681,260093.461237475],[1270911.78289555,259918.545576811],[1270736.86723489,259733.912415892],[1270659.1269048,259539.56142664],[1270629.97407597,257469.726327479],[1272272.2378518,257421.138498142],[1272281.95535205,259422.951095566],[1272505.45884205,259413.233595312],[1273599.49996105,259372.299950138]]},"properties":{"OBJECTID":228,"SegID":"K_6","GroupID":"K","OutsideSEA":0,"Shape_Leng":12922.553491,"Tier_updat":"High","Comments":" "}},{"type":"Feature","id":229,"geometry":{"type":"MultiLineString","coordinates":[[[1281511.49988505,249902.499992147],[1281511.49955697,249902.466527641],[1281510.30008431,249802.300061315],[1281503.8000973,249246.399926394],[1281503.79976922,249246.368102312],[1281503.76039922,249246.369086564],[1281501.57569231,249054.071570888],[1281496.80011131,248641.200021312],[1281496.09998147,248576.299888641],[1281496.0993253,248576.245754898],[1281489.13706888,247957.788330391],[1281488.59441906,247909.981667474],[1281488.08490564,247864.820340469],[1281485.01568605,247596.332032308],[1281482.20007488,247349.999847814],[1281481.10066764,247250.048932225],[1281481.10001147,247250.000047803],[1281481.13019514,247249.999391645]],[[1282029.06184205,247239.374412894],[1282303.02684531,247234.004016817]],[[1282799.22401564,246845.396198228],[1282803.91757581,247224.191044316]],[[1281755.05812497,247244.695268393],[1282029.06184205,247239.374412894]],[[1282787.54982638,245903.350838229],[1282793.20467073,246359.734439895]],[[1282303.02684531,247234.004016817],[1282576.99545747,247228.608358309]],[[1282793.20467073,246359.734439895],[1282797.36870439,246695.681602642],[1282799.44055064,246786.165673643],[1282799.22401564,246845.396198228]],[[1281481.1308513,247250.048276067],[1281755.05812497,247244.695268393]],[[1282778.37464789,245224.624505386],[1282779.53803138,245310.703401476],[1282780.0931484,245442.290080562],[1282782.22995514,245509.824066222],[1282785.42089364,245671.195790723],[1282787.13644139,245872.822684065],[1282787.54982638,245903.350838229]],[[1282576.99545747,247228.608358309],[1282803.91757581,247224.191044316]]]},"properties":{"OBJECTID":229,"SegID":"C4_1","GroupID":"C4","OutsideSEA":0,"Shape_Leng":5636.79202704,"Tier_updat":"Low","Comments":" "}},{"type":"Feature","id":230,"geometry":{"type":"LineString","coordinates":[[1265848.74708989,271492.632008642],[1265849.16375571,271498.829502806],[1265864.98262171,274163.567283556]]},"properties":{"OBJECTID":230,"SegID":"A2_5","GroupID":"A2","OutsideSEA":1,"Shape_Leng":2670.99621852,"Tier_updat":" ","Comments":" "}},{"type":"Feature","id":231,"geometry":{"type":"LineString","coordinates":[[1268425.78327438,271441.129486978],[1268430.32919705,274097.996220469]]},"properties":{"OBJECTID":231,"SegID":"A1_5","GroupID":"A1","OutsideSEA":1,"Shape_Leng":2656.87062255,"Tier_updat":" ","Comments":" "}},{"type":"Feature","id":232,"geometry":{"type":"LineString","coordinates":[[1281377.99490272,271054.002964646],[1281377.98670064,271056.779861972],[1281383.13629664,271314.369897977],[1281384.16746256,271490.338378057],[1281384.89777605,271614.922118396],[1281392.18056989,271687.07584548],[1281394.0247263,271706.869441062],[1281395.73863363,271717.076769724],[1281409.09917122,271800.965709552],[1281455.93470748,271986.580167726],[1281483.30046639,272049.795264393],[1281489.73221205,272066.22961472],[1281491.38050272,272077.736481473],[1281534.37451123,272164.627383813],[1281586.87440622,272259.65639323],[1281631.48324089,272340.898028642],[1281641.44713172,272360.191297144],[1281658.95333031,272383.998008057],[1281733.32391647,272508.188376471],[1281740.2071048,272519.794980556],[1281798.49504597,272621.6464829],[1282066.07390714,273080.026799724],[1282113.72932364,273158.984318972],[1282118.41140088,273166.741849393],[1282255.52661222,273400.658376306],[1282417.21067205,273676.196211055]]},"properties":{"OBJECTID":232,"SegID":"C_2","GroupID":"C","OutsideSEA":1,"Shape_Leng":2885.98560653,"Tier_updat":" ","Comments":" "}},{"type":"Feature","id":233,"geometry":{"type":"LineString","coordinates":[[1283268.78049122,245894.831170231],[1283126.5783478,245700.49100773],[1283106.97832139,245673.701363146],[1283106.20798172,245672.65149647],[1282957.56064121,245469.509186223],[1282808.87852389,245266.311101809],[1282778.37202322,245224.621880725],[1282573.13785364,244940.931503221],[1282546.8531293,244911.650393814],[1282480.9201903,244838.201065645],[1282464.20992188,244822.359889969],[1282447.14007413,244806.91011773],[1282435.24016355,244796.549902231],[1282423.1801483,244786.379975066],[1282410.96101263,244776.408866391],[1282328.58913013,244716.851242721],[1282244.2671203,244667.858886644],[1282166.95887597,244631.939667135],[1282045.22060239,244590.53128539],[1281920.22807021,244565.20095548],[1281801.64759873,244556.111406729],[1281669.80009338,244560.899782971],[1281668.7997673,244560.957525641],[1281667.80009739,244561.011987478],[1281666.80994189,244561.069402054],[1281665.80994388,244561.127472803],[1281664.80994588,244561.18193464],[1281663.80994789,244561.23967731],[1281662.80994989,244561.29741998],[1281661.80995189,244561.351881802],[1281660.80995388,244561.409624472],[1281659.8197984,244561.467039064],[1281656.81980439,244561.636986226],[1281654.81980839,244561.749190733],[1281653.82965289,244561.806605309],[1281647.82966489,244562.146827728],[1281350.99790947,244578.974878058],[1281333.81388873,244579.960112303],[1281239.95187172,244585.341663226],[1281099.90589197,244593.259626389],[1280772.89867197,244611.749090731]]},"properties":{"OBJECTID":233,"SegID":"C5_1","GroupID":"C5","OutsideSEA":0,"Shape_Leng":3101.77830401,"Tier_updat":"High","Comments":" "}},{"type":"Feature","id":234,"geometry":{"type":"LineString","coordinates":[[1275940.70328389,227893.964284897],[1275540.20342872,227657.856161311],[1274894.05905172,227275.663028061],[1274551.15520997,227072.836005896],[1273757.92943422,226603.644358978],[1272621.79948863,225931.625689894],[1272177.5785923,225668.86998181]]},"properties":{"OBJECTID":234,"SegID":"G_2","GroupID":"G","OutsideSEA":0,"Shape_Leng":4371.74518421,"Tier_updat":"High","Comments":" "}},{"type":"Feature","id":235,"geometry":{"type":"LineString","coordinates":[[1259076.91023989,193895.380707398],[1258976.47638564,193898.042447478],[1258746.15958905,193904.909231648],[1258415.35021131,193915.091625974],[1258339.37168872,193917.438406065],[1258084.54050547,193925.288455978],[1257883.5599363,193931.480044648],[1257753.21045947,193935.730036139],[1257657.10664906,193938.811394811],[1257643.42983913,193939.25004223],[1257628.0092663,193939.115856141],[1257627.56405722,193939.11191915],[1257623.90166298,193939.080423146],[1257551.74465506,193925.241211981],[1257487.34977072,193912.890186816],[1257407.29021956,193915.700548649],[1257398.08551356,193917.963339388],[1257355.47109747,193928.437727898],[1257355.35692447,193928.46823965],[1257355.23389322,193928.518108308],[1257317.38718414,193944.776934057],[1257306.33077581,193949.526924565],[1257306.21791513,193949.578105554],[1257306.13228539,193949.630926982],[1257296.90428548,193955.695547387],[1257254.57136489,193983.511436641],[1257247.54349181,193988.86313197],[1257161.6401203,194054.234392315],[1257072.65998331,194121.95013614],[1257072.65046889,194121.954073146],[1257029.11741947,194156.142981142],[1256989.54925714,194187.219034478],[1256948.5795228,194225.439758554],[1256910.30991431,194266.359952316],[1256841.49148239,194345.454282314],[1256801.43086697,194390.349861816],[1256772.47127922,194414.341611728],[1256739.99070114,194433.298266724],[1256704.85756931,194446.701455146],[1256668.00232805,194454.20734565],[1256623.33673497,194454.990808636],[1256611.67993414,194453.990154475],[1256554.69349955,194455.396647722],[1256530.9701218,194455.982604563],[1256442.34989223,194458.171248481],[1256436.2498388,194183.760051891],[1256434.17011856,194108.540057972],[1256432.99820489,194066.311467886],[1256430.66028306,193982.059667885],[1256276.95914689,193911.331134811],[1256191.80380538,193871.85582006],[1256022.14896098,193793.208667636],[1256017.37862931,193793.99409914],[1255751.95625989,193871.182921141],[1255749.96577831,193872.158312887],[1255730.59114514,193881.65074797],[1255488.64379439,194000.192833722],[1255300.52901314,194144.301469386],[1255117.33023256,194285.840228304],[1255073.88051631,194319.409386888]]},"properties":{"OBJECTID":235,"SegID":"W_1","GroupID":"W","OutsideSEA":0,"Shape_Leng":4853.27827971,"Tier_updat":"High","Comments":" "}},{"type":"Feature","id":236,"geometry":{"type":"MultiLineString","coordinates":[[[1269799.90782273,195194.722596899],[1269811.60793056,195213.341326058],[1269816.17485055,195220.608699977],[1269823.70009798,195233.900011972],[1269810.49999315,195413.199850231],[1269787.3038453,195752.144054219],[1269811.8805678,195762.381238475],[1269811.82577789,195763.490488231],[1269809.90156914,195802.579976976],[1269827.39497247,195770.657796726],[1269838.99993613,195775.999977648],[1269883.59991255,195793.600008056],[1269928.50008522,195805.599984065],[1269982.39991181,195817.599960059],[1270023.69838564,195822.070095479],[1270024.90015489,195822.200016469],[1270025.34175506,195822.251525566],[1270079.50929764,195822.251525566],[1270153.13349423,195820.432631552],[1270250.37017639,195794.647250056],[1270388.63007048,195739.343226805],[1270523.81746414,195687.111703977],[1270632.6151468,195665.59239006],[1270762.46856163,195639.906417802],[1271112.20703539,195631.612471148],[1271132.52458006,195631.127563983],[1271583.77958305,195620.357572392],[1271757.28514156,195616.200428471],[1271757.2999053,195616.200100392],[1271989.70265572,195609.801491141],[1271989.65967681,195609.870388642],[1272076.95346548,195609.239812478],[1272126.88348372,195607.48850365],[1272187.1848723,195606.068230897],[1272204.9053093,195605.646315724],[1272379.90791206,195601.476376563],[1272204.90005997,195605.600055978],[1272330.30007164,195602.600061983],[1272404.5623903,195600.889107391],[1272417.12699772,195600.589567304],[1272474.4539828,195599.223428309],[1272567.10012297,195597.000007555],[1273067.12372923,195585.057446137],[1273077.89995439,195584.799900725],[1273386.07847188,195577.384233147],[1273483.8181058,195575.019408479],[1273734.54365422,195568.95314765],[1274394.38485423,195553.445960805],[1274394.39994605,195553.500094563],[1274403.29756606,195726.400011227],[1274411.55607972,195886.899362147],[1274411.7001083,195889.699881479],[1274412.79984364,195962.999931723],[1274415.96223889,196037.456147641],[1274416.10003389,196040.699907556],[1274424.99995047,196133.399853393],[1274437.2000573,196228.299926057],[1274439.25582747,196238.055812061],[1274459.99988048,196336.499840885],[1274477.69997631,196412.000017971],[1274541.29991472,196638.599958479],[1274582.49996355,196786.20005697],[1274623.09994797,196933.100025639],[1274652.59988897,197041.299940482],[1274675.2999748,197121.800107554],[1274699.69986039,197193.400029972],[1274721.39994822,197249.399917975],[1274744.70009847,197302.700008228],[1274780.20002747,197389.899965063],[1274805.19997747,197456.999896482],[1274807.38140355,197464.953620732],[1274814.80002388,197492.000154555],[1274817.9000833,197503.599868894],[1274828.50012772,197558.600086972],[1274836.29998089,197625.200019389],[1274841.79996988,197717.299900815],[1274864.30779889,198407.110857144],[1274872.39144413,198399.559363052],[1274864.50005572,198412.999952972],[1274481.99983647,198761.399846733],[1274340.79998764,198896.499970227],[1274307.40012005,198926.800106481],[1274089.99996431,199124.30003956],[1273627.09997147,199546.600047976],[1273475.40014364,199678.600112066],[1273376.10014538,199764.700005472],[1273083.89994238,200037.200116649]],[[1273083.89994238,200037.200116649],[1273134.09997322,200317.299950138],[1273142.20002264,200351.399947554],[1273261.49998088,200852.299864396],[1273386.20019081,201375.050131232],[1273510.90007263,201897.800069973],[1273524.79997922,201956.299952969],[1273601.8001533,202279.600159392],[1273613.80012931,202329.60005939],[1273631.49989705,202370.499911979],[1273649.49986106,202405.999840975],[1273669.50014913,202434.500112057],[1273692.00010414,202455.000071064],[1273743.29987031,202494.200123891],[1273852.0614638,202570.127465472],[1274535.33207889,203051.598943472]],[[1273083.89994238,200037.200116649],[1272763.10005906,200321.900006562],[1272759.39993522,200325.399999559],[1272593.60006997,200473.699899808],[1272407.00004947,200651.00007014],[1272326.49988239,200727.399851725],[1272403.60012189,201056.999914303],[1272431.50000048,201174.200139225],[1272549.00009355,201667.550202399],[1272666.49985856,202160.899937481],[1272732.50005464,202437.900039643],[1272798.59998806,202715.300075397],[1272930.29985589,203265.799958646],[1273171.59989822,203216.40012306],[1273213.19988064,203216.40012306],[1273258.70011772,203219.800050646],[1273300.5999683,203223.499846399],[1273356.90005255,203232.800024644],[1273358.69991772,203233.09989281],[1273409.39994755,203245.199934229],[1273551.89999063,203279.100128889],[1273856.79997139,203350.200052306],[1273948.89985281,203360.400163144],[1274072.29986846,203376.699999303],[1274252.39990197,203396.099894896],[1274296.80007564,203383.199986309],[1274314.99984239,203363.999893472],[1274535.33207889,203051.598943472]],[[1274535.33207889,203051.598943472],[1274537.79992172,203048.099934727]],[[1274535.33207889,203051.598943472],[1275263.18134497,203564.482760221]]]},"properties":{"OBJECTID":236,"SegID":"W_4","GroupID":"W","OutsideSEA":0,"Shape_Leng":20838.944631,"Tier_updat":"Medium","Comments":"Route 60 should be High Priority at least from West Seattle until it crosses I-5, possibly longer. West Seattle Bridge is currently the only Premium or High Priority corridor crossing the Duwamish, and Rt 60 provides the next most important E/W connectio"}},{"type":"Feature","id":237,"geometry":{"type":"LineString","coordinates":[[1275263.18134497,203564.482760221],[1275485.29999523,203721.000163719],[1275608.56451248,203592.892480314],[1275777.99986914,203416.799984723],[1276030.89995389,203205.400145054],[1276093.90015598,203153.29985556],[1276260.5999538,203011.300139561],[1276408.59998588,202846.300141469],[1276623.30001581,202546.599953473],[1276698.29986581,202432.799984232],[1277075.90016048,201869.30012697],[1277165.79991506,201740.30005689],[1277299.90004055,201551.599974975],[1277344.00001797,201441.199933305],[1277417.09993739,201247.400124058],[1277456.79998922,201174.299876556],[1277631.50009914,200904.30008848],[1277728.89983872,200772.800023392],[1277825.24577464,200651.962338567],[1278080.09992371,200332.199854732],[1278181.60004881,200208.600036308],[1278224.40016006,200169.399983481],[1278271.90006505,200135.199920639],[1278319.79990363,200108.300040066],[1278370.39986806,200086.800083056],[1278427.90008114,200069.800117061],[1278487.00002855,200059.899874389],[1279023.10000622,200033.999991804],[1279132.22511606,200029.403216228],[1279132.29991905,200029.399935395]]},"properties":{"OBJECTID":237,"SegID":"S1_2","GroupID":"S1","OutsideSEA":0,"Shape_Leng":5728.08461758,"Tier_updat":"Low","Comments":" "}},{"type":"Feature","id":238,"geometry":{"type":"LineString","coordinates":[[1279132.26776689,200029.359581143],[1279477.4143863,200023.015433729],[1279521.54192272,200019.765112147],[1279816.70209356,199998.023685813],[1280282.6923033,199974.458116144],[1280634.14402822,199787.313149229],[1280774.6736028,199712.332656145],[1280985.39332572,199599.901778638],[1281397.6231443,199381.157137394],[1281594.23790856,199292.230149895],[1281928.12470797,199274.771195307],[1281992.48055039,199274.366996646],[1282251.80089788,199272.739375219],[1282818.00317755,199264.21577023]]},"properties":{"OBJECTID":238,"SegID":"S2_2","GroupID":"S2","OutsideSEA":0,"Shape_Leng":3855.04367671,"Tier_updat":"High","Comments":"A new combo of the current Rts 36 and 49 is likely the next RapidRide in Seattle (after the ones already in planning), and should thus probably be a Premium Transit Corridor. Broadway and north is already mostly designated as Premium, but I included the"}},{"type":"Feature","id":239,"geometry":{"type":"LineString","coordinates":[[1279600.99517588,230765.561231971],[1279624.81074506,230791.641888469],[1279633.74150147,230801.421724558],[1279689.02485546,230855.095501721],[1279709.09633763,230872.955374137],[1279714.09698381,230876.508844733],[1279857.26926965,231012.42327106],[1279874.87487747,231030.330387473],[1279967.83335297,231119.772137731],[1279977.90321472,231130.525725141],[1279987.97340456,231141.279312566],[1280020.57996663,231169.846512645],[1280096.00107564,231245.028448895],[1280259.30750756,231402.453658983],[1280367.47067705,231513.498384386],[1280367.40145147,231509.851410061],[1280457.75133638,231592.04842414],[1280467.89009564,231606.449313983],[1280485.42516555,231620.70978415],[1280513.03009722,231645.724169806],[1280538.23838013,231674.432773814],[1280593.44758731,231724.461873233],[1280628.65585022,231760.27741839],[1280651.26013573,231781.738661557],[1280668.93332872,231803.293408483],[1280734.27998281,231867.72405389],[1280749.34950647,231882.031439975],[1280782.02266946,231914.246926725],[1280784.55711322,231917.847313225],[1280822.23026623,231953.616270557],[1281003.12852648,232128.955814898],[1281362.31120706,232472.392463982],[1281523.06252597,232626.228114307],[1281686.41456147,232787.312437803],[1281862.15928872,232951.812436894],[1281877.29606947,232969.767781556],[1282033.03952439,233120.053898305],[1282088.30942698,233173.734565228],[1282113.37564981,233195.151189059],[1282143.57900147,233227.415560231],[1282206.38202547,233288.250740394],[1282389.71991339,233463.556820229],[1282467.58786789,233538.702011138],[1282560.52206522,233628.156228557],[1282736.38916756,233799.958050311],[1282899.58339497,233953.758923814],[1282914.6496378,233968.068278387],[1283077.90980998,234125.51776664],[1283253.69915655,234293.67753531],[1283359.15727897,234393.844657809],[1283366.75864172,234404.646801561],[1283391.89048122,234429.711712062],[1283462.21809646,234497.705998644],[1283489.81482606,234522.724977478],[1283530.01159605,234562.099898726],[1283565.1404628,234594.273718894],[1283585.27296847,234615.784830719],[1283723.39113055,234748.174657807],[1283735.92260155,234758.883953974],[1283773.65316914,234798.30579114],[1283798.71512689,234819.724383473],[1283808.78137971,234830.479939386],[1283856.50897455,234877.010686219],[1283874.10703647,234894.921411559],[1283956.96218573,234973.626962811],[1284125.13540581,235130.992789805],[1284127.94281489,235149.181729808],[1284136.02285123,235185.512693897],[1284136.15999006,235192.806970641],[1284139.44771314,235367.863379061],[1284148.00871964,235692.401115805],[1284167.52803755,236469.122003302],[1284191.01453914,236800.675802141]]},"properties":{"OBJECTID":239,"SegID":"G_4","GroupID":"G","OutsideSEA":0,"Shape_Leng":7967.25926974,"Tier_updat":"Low","Comments":" "}},{"type":"Feature","id":240,"geometry":{"type":"LineString","coordinates":[[1282471.74009055,188598.985460311],[1282545.87937798,188604.114058971],[1282553.77076639,188604.65998964],[1282677.95818205,188613.250851721],[1282888.04601647,188626.50541839],[1283403.15095739,188661.643471479],[1283516.27310647,188630.333494723],[1283555.46823806,188611.356498554],[1283589.65288097,188588.825375646],[1283611.48223364,188566.525879562],[1283813.02677806,188373.034468636],[1283851.88103105,188335.822928891],[1283890.94033614,188309.552640229],[1283925.1259633,188287.022173479],[1283964.32207914,188268.045833483],[1284008.59758113,188256.271250725],[1284047.99907714,188248.236161813],[1284092.34282047,188240.108553395],[1284139.29417014,188239.228961974],[1284151.65011655,188238.997335136],[1284198.73827697,188245.412020475],[1284258.3871078,188262.536330059],[1284308.15111589,188279.845678642],[1284330.66452231,188294.01723823],[1284365.67002971,188315.251447722],[1284425.86446314,188361.552536219],[1284468.76103088,188408.177114889],[1284501.84101722,188458.634034976],[1284673.88660489,188802.002114639],[1284763.51142564,188968.14712356],[1284822.18683322,189065.553424805],[1284852.52109013,189101.469035387],[1284880.24774072,189130.136957064],[1284915.31919289,189155.019453228],[1284950.25449046,189172.607672647],[1284982.58218172,189182.948203146],[1285014.90987298,189193.289061725],[1285056.98524813,189196.15093264],[1285363.11816606,189175.839621559],[1285370.58895163,189708.349711388],[1285359.46003689,189774.226548135],[1285376.64963506,190032.933707893],[1285377.19425339,190062.109830648],[1285378.0600653,190240.859801233],[1285383.59515922,190404.929354981],[1285384.61648265,190459.634298056],[1285397.79755864,190900.830922231],[1285407.19452147,191404.11862956],[1285415.50191955,191849.054419473],[1285417.47665314,191954.817659393],[1285427.5737458,192363.23711814],[1285435.35555439,192647.658137232],[1285440.87096331,192943.066339061],[1285441.2115138,192961.301210731],[1285446.62915389,192986.738167733],[1285459.45852455,193012.036673561],[1285469.68094505,193030.08716239],[1285494.93089455,193058.801999971],[1285461.43293005,193117.799913481],[1285447.29089797,193154.546887219],[1285443.03106397,193191.109150052],[1285445.00546947,193296.872718066],[1285446.02712098,193351.577989221],[1285448.76989764,193366.119954899],[1285453.89587164,193508.307334557],[1285454.98543639,193566.659251973],[1285459.70294663,193686.964785635],[1285467.63961056,193847.341105312],[1285467.70785189,193850.988079637],[1285468.3886248,193887.458151057],[1285467.96113223,193996.914625064],[1285469.34039456,194200.198667303],[1285470.26165256,194200.179966554],[1285470.36762348,194204.82201764],[1285506.42726263,194204.148790643],[1285538.5420278,194203.549382389]]},"properties":{"OBJECTID":240,"SegID":"Q2_1","GroupID":"Q2","OutsideSEA":0,"Shape_Leng":8652.33954904,"Tier_updat":"Medium","Comments":" "}},{"type":"Feature","id":241,"geometry":{"type":"LineString","coordinates":[[1259504.1000023,208478.400097728],[1259487.10003631,207826.199958563],[1259470.1000703,207153.800056636],[1259467.79626913,207063.799908563],[1259453.00003889,206485.999883056],[1259436.00007288,205821.900161386],[1259415.00011489,205158.599978805],[1259394.09989423,204495.300124303],[1259372.99987081,203832.100007147],[1259370.20000763,203742.099859059],[1259362.4998918,203500.499948561],[1259352.09997822,203168.800152645],[1259350.59998122,203128.699839145],[1259327.80015805,202504.799840227],[1259307.39993639,201941.40004839],[1259303.79987797,201840.999986723],[1259279.79992597,201176.899936974],[1259255.79997396,200513.200148895],[1259238.80000797,199847.399971306],[1259221.59991114,199181.500056386],[1259214.59992515,198905.700083062],[1259207.99987271,198641.500152141],[1259206.30007297,198574.499958053],[1259204.90014139,198515.900009647],[1259201.30008297,198377.500023976],[1259187.8998473,197849.60016115],[1259182.30012096,197580.299846724],[1259165.60002314,196789.899852723],[1259160.49996772,196525.799987227],[1259147.29986289,195863.400065303],[1259144.60006514,195728.90000622],[1259133.50002173,195200.800012559],[1259119.9964398,194890.221893564],[1259106.29994489,194576.500080064],[1259105.10014413,194547.900071636],[1259076.91647348,193895.380379304],[1259076.90006931,193895.000130728]]},"properties":{"OBJECTID":241,"SegID":"U2_2","GroupID":"U2","OutsideSEA":0,"Shape_Leng":14589.9954108,"Tier_updat":"Medium","Comments":" "}},{"type":"Feature","id":242,"geometry":{"type":"MultiLineString","coordinates":[[[1267007.85566406,230587.802073061],[1270290.96622381,230496.067020312]],[[1265099.74530706,231538.747677729],[1265257.61080498,231535.138761058],[1265376.45275889,231532.421574891],[1265421.58390222,231531.389752805],[1265743.63837622,231524.013455227],[1266065.30472764,231516.65093714],[1266387.32934606,231509.260203898],[1266708.91991022,231501.908512563],[1266883.8588648,231493.9314944],[1267031.08101131,231470.320321143],[1267018.52559023,231013.64702189],[1267007.97705489,230592.650160477]]]},"properties":{"OBJECTID":242,"SegID":"K1_3","GroupID":"K1","OutsideSEA":0,"Shape_Leng":3284.39191745,"Tier_updat":"High","Comments":" "}},{"type":"Feature","id":243,"geometry":{"type":"LineString","coordinates":[[1267245.2853073,238944.087525815],[1267360.50554931,238884.188695475],[1267637.71529672,238708.309782147],[1267804.73300731,238594.809352979],[1267850.22569847,238556.73757872],[1267876.39887448,238522.225180566],[1268168.12106006,237985.93753922],[1268194.42875022,237929.778202727],[1268547.88670473,237064.373109385],[1268585.36169539,236972.619027808],[1268595.69238339,236945.769015893],[1268629.25301181,236859.483099222],[1268792.00563906,236389.490928978],[1268814.90552764,236330.605548054],[1268840.80409789,236243.095552474],[1268871.06453605,236013.551720232],[1268871.06453605,235949.759524971],[1268870.7918988,235865.247882977],[1268869.18724322,235793.742776647],[1268863.47104731,235339.735482559],[1268860.97761397,235142.314945638],[1268860.50287738,235064.904995471],[1268855.93858205,234886.219329223],[1268845.73125339,234804.710962057],[1268801.61979306,234634.497391731],[1268736.70194389,234384.100582808],[1268735.36631663,234376.496267304],[1268717.39588013,234274.206117555],[1268707.63638522,234151.545273647],[1268685.90152055,233340.999322563],[1268692.28470989,233181.955349311],[1268694.61738239,233158.626327723],[1268703.56027789,233101.47060214],[1268714.83584589,233052.480214566],[1268734.66520256,232989.880930305],[1268752.55066547,232945.167437062],[1268778.87115088,232886.319129556],[1268909.69077113,232620.565395981],[1268935.94301522,232567.235450149],[1268970.14701505,232497.751337141],[1268981.51280597,232477.772046387],[1268988.45734589,232461.105413064],[1268995.74899797,232428.813810974],[1268997.75129056,232398.966429725],[1268995.05477364,232279.508007228],[1269042.62390423,232263.535926312],[1269057.20753647,232254.508057222],[1269070.74917606,232243.397187054],[1269084.6379278,232228.813554808],[1269107.25205581,232193.083311304],[1269242.94568205,231901.439537644],[1269275.33669339,231831.278588727],[1269303.75527172,231787.964370891]]},"properties":{"OBJECTID":243,"SegID":"H_1","GroupID":"H","OutsideSEA":0,"Shape_Leng":7887.12846646,"Tier_updat":"High","Comments":" "}},{"type":"Feature","id":244,"geometry":{"type":"LineString","coordinates":[[1277845.3211938,257431.783489972],[1277845.57841113,257418.174593315],[1277846.46915738,257393.77175498],[1277852.64073297,257256.897356808],[1277853.60365756,257235.541100308],[1277853.69388047,257233.541432396],[1277859.67188689,257100.948521733],[1277863.19484572,257022.808914229],[1277866.71813264,256944.667994395],[1277867.62134606,256924.634897977],[1277868.52488756,256904.597208396],[1277870.39922763,256863.019863725],[1277876.41890064,256729.49585256],[1277882.60523997,256592.303869724],[1277890.80732331,256410.388223052],[1277890.89328113,256408.475169137],[1277890.96316288,256406.388231054],[1277891.60719047,256387.178295732],[1277891.84505089,256365.957209557],[1277891.61112747,256344.737107649],[1277890.90476406,256323.527504399],[1277889.72792915,256302.33758615],[1277888.07996656,256281.180476233],[1277885.99794972,256260.422971815],[1277885.96186055,256260.064704806],[1277883.55668163,256240.491253138],[1277883.37361114,256239.000770554],[1277880.31849913,256218.00081256],[1277876.79750881,256197.072704807],[1277872.8112963,256176.228914469],[1277868.36215822,256155.478955969],[1277863.45403156,256134.832015648],[1277858.0869163,256114.300232559],[1277855.28278805,256104.471512064],[1277852.71652022,256095.476779386],[1277852.26474947,256093.893449232],[1277845.98949955,256073.6205239],[1277839.26543164,256053.491299063],[1277832.09549847,256033.517585725],[1277824.48330897,256013.708570227],[1277816.43214397,255994.072782725],[1277808.7523693,255976.46783106],[1277807.94692472,255974.622034222],[1277799.03093205,255955.363870636],[1277796.97384955,255951.168340981],[1277789.68777488,255936.308790639],[1277787.15464348,255931.430191472],[1277779.92467105,255917.466964811],[1277769.74457331,255898.846267149],[1277759.15240289,255880.456540138],[1277748.15406531,255862.307626307],[1277736.75513797,255844.407399639],[1277724.96021405,255826.764390305],[1277712.77585523,255809.388768896],[1277700.20862314,255792.289065555],[1277687.26442331,255775.472170055],[1277673.94948931,255758.946940646],[1277660.26939856,255742.72223556],[1277646.23202506,255726.805928811],[1277631.84491472,255711.206222475],[1277617.11397305,255695.929678231],[1277610.96798797,255689.752525225],[1277557.20037897,255636.184718981],[1277536.72699472,255615.787121981],[1277509.07449096,255588.23698023],[1277365.96650948,255445.658525229],[1277224.47729114,255304.694240227],[1277213.69581664,255293.953119978],[1277204.96781573,255285.256943136],[1277010.97771814,255092.031607807],[1276998.45805813,255079.561816469],[1276968.32950947,255049.569094315],[1276872.50555414,254954.176568553],[1276858.44259013,254940.176596552],[1276762.48182406,254844.647588149],[1276732.3470418,254814.649944723],[1276702.21488422,254784.642130733],[1276606.28495798,254689.108857229],[1276592.21477614,254675.097074226],[1276583.91262738,254666.830030397],[1276554.50520588,254637.54432781],[1276525.08039597,254608.256328642],[1276496.20971881,254579.52082181],[1276466.05787621,254549.509070814],[1276435.90734597,254519.500272557],[1276339.91934897,254423.963062063],[1276325.85441647,254409.963418141],[1276234.83556964,254319.37206389],[1276199.6610993,254284.363275647],[1275961.58578806,254047.351282477],[1275959.58185506,254045.356207728],[1275958.42667364,254044.206275642],[1275902.15742922,253988.18768689],[1275656.69860256,253743.824658558],[1275578.81129114,253660.961307228],[1275568.47404148,253647.680493891],[1275558.51310338,253634.115560398],[1275548.93667898,253620.275693059],[1275539.75264221,253606.173687145],[1275533.9104623,253596.730792642],[1275484.04901347,253513.604974642],[1275437.40409364,253437.287870064],[1275424.24007797,253415.749855399],[1275380.20670147,253342.966208309],[1275174.41511831,253003.433094725],[1275006.99714606,252727.057991311],[1274989.48372965,252698.147944137],[1274954.96608214,252640.933819726],[1274902.46060972,252540.251934469],[1274887.5338023,252511.629288316],[1274882.10172656,252495.973479733],[1274877.19852114,252480.144443139],[1274872.8291073,252464.159566969],[1274868.99873438,252448.036895812],[1274865.71166748,252431.794802308],[1274862.97184356,252415.451987222],[1274860.78188731,252399.025838971],[1274857.72546297,252383.723704219],[1274857.62310097,252383.211566135]]},"properties":{"OBJECTID":244,"SegID":"C2_2","GroupID":"C2","OutsideSEA":0,"Shape_Leng":6163.76372756,"Tier_updat":"Medium","Comments":" "}},{"type":"Feature","id":245,"geometry":{"type":"LineString","coordinates":[[1278792.46989006,244652.229980886],[1278789.7267853,244486.635495812],[1278777.10509139,244261.643819809],[1278773.28292055,244224.27250348],[1278768.97026514,244186.954008564],[1278764.16909364,244149.695552886],[1278758.87973414,244112.503370062],[1278753.10317089,244075.383693635],[1278746.84038813,244038.342757225],[1278740.09237014,244001.387122482],[1278718.30369981,243825.718510553],[1278468.11620806,242697.045571059],[1278397.11405347,242376.733219564],[1278344.03017014,242137.255680144],[1278268.93222322,241798.464362979],[1278212.28896381,241557.099032059],[1278184.58462289,241460.408936724],[1278177.81331097,241440.09565714],[1278099.94568455,241250.503844723],[1277981.09487239,240958.254101142],[1277931.65533872,240839.515165389],[1277892.32733339,240733.330666482],[1277845.13254589,240560.28934589],[1277829.86682838,240496.762241974],[1277815.63588572,240430.508109391],[1277807.21431464,240375.46622473],[1277801.87049331,240304.659279719],[1277798.01649839,240200.708044052],[1277797.00370514,240146.061171725]]},"properties":{"OBJECTID":245,"SegID":"C3_1","GroupID":"C3","OutsideSEA":0,"Shape_Leng":4637.45892528,"Tier_updat":"Medium","Comments":" "}},{"type":"Feature","id":246,"geometry":{"type":"LineString","coordinates":[[1273580.51345047,229668.932519719],[1273579.40387264,229541.035137728],[1273576.81627938,229242.803450733],[1273573.90322748,228901.49245356],[1273573.17980371,228816.656665221],[1273569.5580918,228390.611585557],[1273565.87863722,227964.600298479],[1273565.87830915,227964.554694891],[1273562.21230598,227541.548651144],[1273558.80680098,227135.808977053],[1273552.25694531,226780.055751562],[1273542.95020539,226274.75295639],[1273536.17659689,225900.832772478],[1273533.95087956,225778.429473981],[1273526.20516014,225352.442136973],[1273525.11001797,225289.695543304],[1273520.77603714,225040.597288221],[1273520.60116872,225030.602229476],[1273515.99487872,224767.272703648],[1273514.24947539,224671.706621811]]},"properties":{"OBJECTID":246,"SegID":"M_2","GroupID":"M","OutsideSEA":0,"Shape_Leng":4997.72190581,"Tier_updat":"High","Comments":" "}},{"type":"Feature","id":247,"geometry":{"type":"LineString","coordinates":[[1277845.3211938,257431.783489972],[1277863.28539672,257393.901019812],[1277878.28930372,257371.069372565],[1277912.95524488,257343.912274644],[1277913.83844522,257337.52153939],[1277915.60648631,257328.17641373],[1277917.36107597,257320.738436475],[1277934.40402089,257254.454776391],[1277939.90007289,257233.078834891],[1277949.09132747,257197.331531063],[1277966.98368014,257127.740790978],[1277983.09782113,257065.069000304],[1277985.68869522,257055.93483223],[1277986.4334444,257053.730112225],[1277987.11060838,257051.729788139],[1277988.73068389,257046.940755725],[1277992.21558505,257038.109736636],[1277996.13552472,257029.461788058],[1278000.48066039,257021.01987581],[1278001.82973905,257018.690156057],[1278005.23852488,257012.804012969],[1278010.3996038,257004.834868804],[1278015.95077381,256997.133112565],[1278019.73062189,256992.380169302],[1278021.28540881,256990.424136475],[1278022.99537914,256988.379849225],[1278064.51924622,256938.745434061],[1278081.70162655,256918.206761226],[1278098.82692039,256897.70647414],[1278145.23562022,256842.152779475],[1278190.1157798,256788.427821308],[1278197.76307422,256779.272983983],[1278217.35555471,256755.819290727],[1278236.94672289,256732.367894053],[1278348.7571948,256598.524001643],[1278365.89790855,256578.00599806],[1278383.03829423,256557.487994477],[1278491.39700139,256427.778608233],[1278492.23394197,256426.770736232],[1278498.08301164,256419.30552806],[1278503.55281697,256411.559480563],[1278508.62990655,256403.550638303],[1278513.30279747,256395.299670562],[1278517.56000681,256386.825606138],[1278521.38972355,256378.150426641],[1278524.78276139,256369.296441719],[1278527.73190247,256360.28366448],[1278530.22894472,256351.135716885],[1278552.52614422,256260.81339097],[1278557.49857523,256240.672027066],[1278558.69640747,256235.817049891],[1278562.4772398,256220.501791805],[1278602.16777723,256059.72324197],[1278650.44327122,255864.172123894],[1278716.03041039,255598.491552889],[1278717.55796638,255592.305213556],[1278722.53531864,255572.14449273],[1278727.5166079,255551.985740393],[1278800.10406114,255258.222548395],[1278805.07846063,255238.091355056],[1278830.52493206,255134.174896225],[1278852.06589948,255046.208536729],[1278853.59509589,255036.305341303],[1278854.60362406,255026.335873052],[1278855.08754697,255016.327034816],[1278855.04588039,255006.306713641],[1278854.4786243,254996.302140474],[1278853.38741913,254986.341530472],[1278852.95074022,254983.314961731],[1278852.4651769,254980.295610815],[1278851.93171339,254977.284461975],[1278846.90547672,254939.500744894],[1278799.93411396,254595.33935973],[1278790.97842322,254525.185628638],[1278788.08669671,254502.876946226],[1278786.84719789,254485.111889899],[1278786.84719789,254464.455435142],[1278788.08669671,254444.21203731],[1278790.56503822,254420.66352798],[1278791.80486514,254401.246243969],[1278794.69691972,254381.415903062],[1278797.58864622,254369.02189897],[1278800.48070081,254354.975339144],[1278803.3724273,254341.341836229],[1278805.85109688,254327.295276389],[1278808.33009456,254314.901272312],[1278810.80876414,254304.573208973],[1278813.32844414,254296.654589638],[1278820.31071363,254276.893474311],[1278825.2683809,254263.259971395],[1278830.22604814,254250.453238472],[1278853.54489914,254195.595408559],[1278868.5474938,254163.672244057],[1278956.2146413,253976.90850997],[1278962.13228039,253963.856698811],[1278967.70477581,253950.652985066],[1278972.92786247,253937.307539314],[1278977.42719731,253923.952579141],[1278982.25297506,253880.523204058],[1278981.76741172,253837.667646721],[1278980.86715105,253260.853511646],[1278980.1535698,252930.757387057],[1278979.44130088,252600.696695477],[1278978.87273248,252227.311943561],[1278978.21328497,251907.438895643],[1278977.39078006,251273.330583811],[1278976.61945614,250934.911969304],[1278975.88061248,250610.746279061],[1278974.94262221,250580.75847815],[1278970.99709205,250454.664898306],[1278967.09355655,250329.909242302],[1278965.17394097,250268.57603164],[1278956.07094081,249977.651088566],[1278955.13393481,249947.699376807],[1278955.13262247,249947.659350649]]},"properties":{"OBJECTID":247,"SegID":"C3_3","GroupID":"C3","OutsideSEA":0,"Shape_Leng":7790.39667851,"Tier_updat":"Medium","Comments":" "}},{"type":"Feature","id":248,"geometry":{"type":"LineString","coordinates":[[1259076.90006931,193895.000130728],[1259059.4985293,193321.300162643],[1259056.99984664,193239.0001304],[1259024.39984623,192678.899872646],[1259023.30011089,192659.899910644],[1259020.30011688,192589.299986228],[1259044.90013331,192245.500148892],[1259069.59988706,191901.800048888],[1259094.29996888,191557.40014714],[1259118.8999853,191214.099980727],[1259162.49996372,190627.799972221],[1259168.10001814,190552.999924973],[1259211.59993114,189926.499865636],[1259217.09992014,189847.299892813],[1259201.49988572,189505.399986059],[1259191.20003755,189278.300046563],[1259187.39984831,189193.399953887],[1259172.60000914,188866.500017136],[1259157.89990731,188539.500014976],[1259156.99997473,188519.50005497],[1259128.3999663,187885.399945229],[1259127.8999673,187875.399965227],[1259116.00005673,187610.99990347],[1259098.79995988,187231.500006303],[1259096.9000293,187171.500126302],[1259082.4000583,186711.399996638],[1259080.79999588,186660.400098637],[1259065.69996047,186181.599875137],[1259063.80002989,186121.700060561],[1259058.49984364,185901.100108057],[1259048.99986264,185870.500103638],[1259037.6151511,185859.677215607],[1259037.61930797,185859.683196142],[1259010.49993964,185833.900111228],[1259037.6151511,185859.677215607],[1259031.69051406,185851.153357565],[1259023.95496522,185843.290840477],[1259017.36770806,185837.871888056],[1259009.81555781,185832.403395057],[1259001.48224114,185828.23673673],[1258991.1659888,185824.163910225],[1258986.17190431,185822.78792873],[1259010.49993964,185833.900111228],[1258973.50001363,185816.999882564],[1258986.17190431,185822.78792873]]},"properties":{"OBJECTID":248,"SegID":"U2_1","GroupID":"U2","OutsideSEA":1,"Shape_Leng":8288.31806467,"Tier_updat":" ","Comments":" "}},{"type":"Feature","id":249,"geometry":{"type":"LineString","coordinates":[[1278955.13262247,249947.659350649],[1278954.63196731,249917.667284638],[1278948.61098197,249557.173911139],[1278946.46826972,249428.874298975],[1278944.59228922,249316.544143066],[1278942.09721547,249167.15500614],[1278933.05589497,248625.835878804],[1278920.96864881,247837.169805229],[1278912.75245789,247303.991081566],[1278912.67634256,247300.112152308],[1278912.21604164,247268.897975892],[1278910.32693781,247140.817851469],[1278909.85449781,247108.772968054],[1278909.64550872,247104.3431869],[1278909.19833113,247064.603108898],[1278908.60417221,247024.751154482],[1278908.01099755,246984.900184304],[1278907.41782288,246945.047245637],[1278906.82366396,246905.195291221],[1278906.2304893,246865.343336806],[1278905.63633038,246825.491710469],[1278905.04315571,246785.639756054],[1278904.44899681,246745.786817387],[1278903.85582213,246705.934862971],[1278903.26133513,246666.082908556],[1278902.66848856,246626.230297983],[1278902.07432964,246586.368172973],[1278901.77938272,246566.560141727],[1278900.87485698,246505.85849148],[1278900.48476589,246480.058674306],[1278900.21540947,246449.832356811],[1278899.98739156,246424.147368804],[1278899.95556746,246420.573557064],[1278899.75281197,246397.778327063],[1278899.57433464,246377.719640136],[1278898.96869281,246355.178018555],[1278897.83746147,246332.657066226],[1278896.17506322,246310.168922231],[1278893.98215422,246287.726381809],[1278891.26037489,246265.341912135],[1278888.01103756,246243.027980387],[1278884.23611072,246220.796725646],[1278879.93756288,246198.661271229],[1278852.70303731,246067.106088147],[1278831.19914331,245963.231295899],[1278827.30938731,245943.327464312],[1278823.84351498,245923.346205056],[1278820.80251056,245903.29572022],[1278818.1873583,245883.185196146],[1278816.00002672,245863.024147227],[1278814.24150005,245842.820775554],[1278812.91145022,245822.584595561],[1278812.05712122,245803.349069729],[1278812.01151764,245802.324793562],[1278811.60239772,245786.161768138],[1278811.42654505,245775.763823062],[1278810.15751871,245387.087435067],[1278803.65556322,245315.111201063],[1278791.60998364,244652.349403232],[1278798.79107164,244652.201109558],[1278792.46989006,244652.229980886]]},"properties":{"OBJECTID":249,"SegID":"C3_2","GroupID":"C3","OutsideSEA":0,"Shape_Leng":5317.32384991,"Tier_updat":"Medium","Comments":" "}},{"type":"Feature","id":250,"geometry":{"type":"LineString","coordinates":[[1279240.15829913,262582.10783498],[1279177.78309581,262427.699023053],[1279162.80773206,262387.975021139],[1279148.27462463,262348.086321399],[1279134.18541397,262308.039485469],[1279120.54305281,262267.837794229],[1279107.34786922,262227.486825064],[1279094.60248789,262186.992155388],[1279082.30854923,262146.358050317],[1279070.46605322,262105.590415314],[1279059.07795264,262064.692531228],[1279048.1455598,262023.670631647],[1279037.67051513,261982.530622065],[1279027.65183438,261941.276111394],[1279018.09378263,261899.913005143],[1279009.10397123,261858.950488642],[1279004.98094797,261839.05945231],[1279000.48751864,261817.381674141],[1278992.33431973,261775.718699723],[1278984.64503063,261733.967798978],[1278977.42096372,261692.134877399],[1278970.66179089,261650.224200055],[1278964.36849639,261608.240360141],[1278958.54304872,261566.189591229],[1278953.18511981,261524.075502232],[1278948.29602197,261481.905639052],[1278943.87575522,261439.683938727],[1278939.9253038,261397.414994389],[1278936.44532388,261355.10536772],[1278933.43581547,261312.759323806],[1278930.89677855,261270.382111982],[1278928.99291097,261231.32707198],[1278928.82952547,261227.980621979],[1278927.2343843,261185.557806566],[1278926.1103708,261143.119899303],[1278925.52605438,261107.055995062],[1278925.52014889,261106.547465891],[1278920.54082814,260672.78881897],[1278918.94339038,260533.637194395],[1278918.89680256,260529.880312145],[1278917.83315639,260444.661322474],[1278916.26262148,260318.805931136],[1278914.8210233,260203.121451229],[1278912.46046372,260013.863955721],[1278912.44832464,260012.936792225],[1278911.83087181,259984.858108222],[1278910.66322322,259956.79648456],[1278908.94603506,259928.762747973],[1278906.67963539,259900.768053308],[1278903.95851222,259873.750062719],[1278903.86533655,259872.823883474],[1278900.83778356,259847.516519397],[1278897.3604283,259822.267226055],[1278893.43491122,259797.084205553],[1278889.0632008,259771.981237397],[1278883.97265981,259745.609242886],[1278878.39064997,259719.342891231],[1278872.31684323,259693.186447471],[1278865.75452039,259667.148113728],[1278858.70532189,259641.237404391],[1278851.17187239,259615.463505805],[1278843.15679656,259589.835276231],[1278834.66337523,259564.36157389],[1278832.37269738,259557.753319398],[1278830.05052355,259551.156547815],[1278827.69488522,259544.57158722],[1278825.29692414,259537.965629309],[1278822.86582664,259531.371810481],[1278820.40290506,259524.79013072],[1278811.08599456,259500.738013476],[1278801.33831064,259476.857483804],[1278791.16214989,259453.156415731],[1278780.56112123,259429.642027065],[1278769.53850546,259406.322519898],[1278758.09823965,259383.205440149],[1278746.24393263,259360.297021389],[1278733.97886531,259337.606778055],[1278721.30763081,259315.140615642],[1278708.23416615,259292.906080052],[1278675.66992681,259238.650283054],[1278663.87959605,259219.007605806],[1278468.9892378,258894.311404809],[1278457.19792281,258874.66643098],[1278285.82982722,258589.157159477],[1278273.84461497,258569.189351648],[1278262.1668168,258549.73302573],[1278241.3774883,258515.096612066],[1278216.68987364,258473.965788811],[1278176.21324855,258406.530228138],[1278147.52203298,258358.728814557],[1278103.09856538,258284.717151552],[1278090.56118889,258263.830054224],[1278078.90012297,258244.401287302],[1278066.61110556,258223.927574977],[1278057.80370848,258209.253719807],[1278048.9546448,258194.510639057],[1278037.8838008,258175.734101802],[1278027.09970164,258156.790898219],[1278016.60530005,258137.685949564],[1278006.84482089,258119.271944389],[1277997.35337006,258100.717847645],[1277988.13291605,258082.027268231],[1277983.43935589,258072.241198555],[1277978.82027064,258062.419367805],[1277974.27598839,258052.56374447],[1277963.01879306,258027.259989306],[1277952.25339463,258001.742651895],[1277941.98405822,257976.021902815],[1277932.21406464,257950.107584566],[1277930.72128548,257946.009823725],[1277929.24130155,257941.908453971],[1277927.7741129,257937.802819148],[1277925.54216197,257931.479669064],[1277923.33973855,257925.146676481],[1277921.16684264,257918.803185225],[1277913.02578281,257894.119179472],[1277905.33354098,257869.290817052],[1277899.86373563,257850.585145816],[1277892.9647993,257825.526468888],[1277886.52222688,257800.345416889],[1277880.53700264,257775.052816555],[1277875.0140478,257749.654901475],[1277869.95172197,257724.160857975],[1277865.35363406,257698.5798724],[1277861.2207683,257672.918834478],[1277858.13645689,257651.503194898],[1277854.85923247,257625.719125733],[1277852.05116722,257599.880266637],[1277851.05412197,257588.842230976],[1277849.7129173,257573.994491637],[1277847.8448108,257548.069346637],[1277846.44783197,257522.115658388],[1277845.52263696,257496.140316635],[1277845.06955388,257470.153820053],[1277845.08727039,257444.161417976],[1277845.3211938,257431.783489972]]},"properties":{"OBJECTID":250,"SegID":"C2_3","GroupID":"C2","OutsideSEA":0,"Shape_Leng":5450.39792761,"Tier_updat":"High","Comments":" "}},{"type":"Feature","id":251,"geometry":{"type":"LineString","coordinates":[[1275990.64216039,242865.169906721],[1276059.82148397,244708.534658313]]},"properties":{"OBJECTID":251,"SegID":"J2_2","GroupID":"J2","OutsideSEA":0,"Shape_Leng":1844.6624044,"Tier_updat":"High","Comments":" "}},{"type":"Feature","id":252,"geometry":{"type":"LineString","coordinates":[[1261920.75363356,232333.862229228],[1261924.45703822,232336.710976809],[1261942.71651614,232350.756552398],[1261957.35821913,232358.077403888],[1261970.87361206,232359.767033055],[1261992.27284747,232353.009172559],[1262010.29348072,232345.125330061],[1262049.71367747,232327.10469681],[1262388.77828805,232114.678940564],[1262795.74958697,231874.295234978],[1262850.91351864,231803.246164471],[1262852.9341839,231800.643479392],[1262875.42232789,231771.679626554],[1262984.06449905,231631.756021887],[1263015.34658872,231591.467060477],[1263168.03033847,231587.676057562],[1263489.93290989,231579.682307139],[1263811.83515322,231571.688556731],[1264129.03300963,231563.097694635],[1264133.97394463,231562.96383664],[1264384.49444097,231556.691211388],[1264455.87421948,231554.904141471],[1264777.95658055,231546.822792813]]},"properties":{"OBJECTID":252,"SegID":"K1_1","GroupID":"K1","OutsideSEA":0,"Shape_Leng":3137.17516768,"Tier_updat":"High","Comments":" "}},{"type":"Feature","id":253,"geometry":{"type":"LineString","coordinates":[[1270270.96003023,229225.914048806],[1270272.13522471,229299.683914393],[1270277.62799589,229644.437161893],[1270284.28710331,230072.786698893],[1270290.96622381,230496.067020312],[1270297.74869056,230905.23188439],[1270298.01640655,230920.089138135],[1270304.39040956,231322.353753567],[1270306.74014239,231478.61328356],[1270297.97736464,231634.538168564],[1270298.24278405,231792.276042059],[1270298.27657664,231812.304217219],[1270298.37532972,231870.97339122],[1270301.95767164,231943.814452887],[1270306.73423688,231965.706469476],[1270311.51047406,231974.861306816],[1270318.78965898,231983.534845889],[1270386.93387964,232056.078335971]]},"properties":{"OBJECTID":253,"SegID":"J_1","GroupID":"J","OutsideSEA":0,"Shape_Leng":2862.10522121,"Tier_updat":"High","Comments":" "}},{"type":"Feature","id":254,"geometry":{"type":"LineString","coordinates":[[1269951.68146931,212083.826941982],[1269982.29295664,213767.081777558],[1269993.86150305,214349.810598969],[1270003.19416155,214819.633150145],[1270008.95661722,215109.685719639],[1270009.36311246,215128.68174465],[1270024.02974981,215869.726522386],[1270039.10977213,216629.624936983],[1270054.45160498,217404.566300482],[1270054.92502922,217428.367762059],[1270069.86299147,218179.472887143],[1270080.88232639,218733.460952386],[1270082.55423905,218817.501466721],[1270084.97811872,218939.338493392],[1270087.25403281,219054.200140312],[1270100.03320672,219699.196553722],[1270124.52200289,220898.304391727],[1270129.55545738,221184.572848067],[1270142.79886922,221849.425849065],[1270143.33495739,221876.428091645],[1270143.70536347,221893.238097399],[1270144.10923405,221911.627168223],[1270150.06624314,222182.419277564],[1270154.51374081,222182.322821066]]},"properties":{"OBJECTID":254,"SegID":"R1_2","GroupID":"R1","OutsideSEA":0,"Shape_Leng":10104.9930879,"Tier_updat":"High","Comments":"1st is also important, but is only used south of Atlantic St and could potentially just be High Priority (also add Atlantic between 1st and 4th). 4th is used by transit but can"}},{"type":"Feature","id":255,"geometry":{"type":"LineString","coordinates":[[1279256.26194148,213672.110182732],[1279246.80231473,213618.848806307],[1279234.61073805,213558.282654479],[1279227.79415064,213517.789297149],[1279222.96377972,213439.516487807],[1279233.34007131,213149.319561645],[1279229.40996106,213019.850004315],[1279225.37617648,212893.659967974],[1279214.36340322,212549.173780307],[1279205.23776531,212329.398957387],[1279201.90607905,212075.499530807],[1279192.69317096,211910.078273728],[1279163.55609013,210777.442087561],[1279161.48588431,210694.632213816],[1279160.49244797,210669.052868649],[1279157.34547263,210588.013988733],[1279150.09942414,210415.14786464],[1279149.06432122,210326.127045304],[1279148.0292183,210232.965486228],[1279154.2398358,210141.874461055],[1279171.83691347,210001.097183555],[1279192.60294805,209935.180976808],[1279246.7101233,209798.05592297],[1279272.24878614,209733.332299143],[1279324.24310473,209605.813525304],[1279432.58278306,209343.225139722],[1279530.56815138,209105.731848314],[1279676.05211239,208753.114115223],[1279985.13253097,207984.955218479],[1280131.31104439,207617.78272447],[1280200.82730955,207446.623946056],[1280297.61615798,207200.34163022],[1280418.22713722,206903.683758974],[1280511.40346006,206667.522485897],[1280536.65898697,206606.198789641],[1280629.34613755,206340.400436729],[1280682.50613622,206187.952906981],[1280775.55778739,205921.109280556],[1280847.91886313,205685.884357303],[1280881.21571256,205578.316659063],[1280967.51606488,205285.517047808],[1280996.74500905,205198.51820606],[1281057.60971673,205020.393890396],[1281143.23323314,204742.547989398],[1281232.29539098,204470.203717813],[1281387.17500247,203926.544372052],[1281575.48072822,203310.777887061],[1281806.19811456,202569.238359645],[1281885.58968805,202301.825508639],[1281960.66860613,202039.049787477],[1282044.66286072,201778.649389639],[1282124.87759531,201518.11710231],[1282213.50077763,201246.041859061],[1282241.22874056,201152.599132553],[1282406.47184838,200595.732136056],[1282612.23160747,199938.216718808],[1282818.00317755,199264.21577023]]},"properties":{"OBJECTID":255,"SegID":"T_1","GroupID":"T","OutsideSEA":0,"Shape_Leng":15025.1393871,"Tier_updat":"Medium","Comments":" "}},{"type":"Feature","id":256,"geometry":{"type":"LineString","coordinates":[[1279256.26095723,213672.110182732],[1279162.4996618,213861.609803721],[1279116.61884806,213954.731992811],[1279116.10999081,213955.765127227],[1279044.13047597,214101.85899514],[1278894.73313697,214405.391524553],[1278875.30994748,214444.879962638],[1278781.17266856,214636.221443474],[1278711.86932947,214777.089600056],[1278533.26830873,215140.119713888],[1278415.60811096,215379.279340565],[1278370.60032697,215470.558685556],[1278140.98858148,215936.259197727],[1278094.46013123,216030.630071983],[1278025.18074222,216171.412598804],[1277950.11593172,216324.321085647],[1277932.77147822,216359.652379811],[1277799.63263689,216616.313939974],[1277770.44010997,216672.590730309]]},"properties":{"OBJECTID":256,"SegID":"Q_2","GroupID":"Q","OutsideSEA":0,"Shape_Leng":3348.28530608,"Tier_updat":"High","Comments":" "}},{"type":"Feature","id":257,"geometry":{"type":"LineString","coordinates":[[1269799.90782273,195194.722596899],[1269787.00004014,195176.300061554],[1269785.31205139,195174.333201975],[1269767.45874064,195153.528781638],[1269738.65335205,195124.35495548],[1269669.52160056,195051.241584644],[1269654.67058039,195035.53525123],[1269602.67002822,194976.362141222],[1269601.79995123,194975.300135478],[1269567.00015205,194924.600105643],[1269525.39984156,194815.399864733],[1269524.80076139,194812.639699638],[1269499.4894603,194683.182609469],[1269453.1332538,194482.167263478],[1269443.92493889,194210.341363564],[1269441.77468072,194146.873642728],[1269408.32920955,194111.786114469],[1269256.40005147,193952.399950311],[1269073.50015481,193760.600137055],[1269073.47587664,193760.574546561],[1268874.9001583,193552.400094137],[1268801.39111897,193475.688961476],[1268770.52799173,193443.368488058],[1268700.11638714,193369.632086977],[1268621.61195098,193287.42063722],[1268553.49988247,193216.999846309],[1268545.03139547,193207.972633392],[1268526.10000288,193187.800101563],[1268505.17320748,193165.483873233],[1268405.5999158,193059.30003047],[1268385.76432556,193031.480860397],[1268381.49989839,193025.49990122],[1268357.30014364,192978.799863398],[1268291.16051213,192822.002932891],[1268278.79997255,192792.699841887],[1268274.77242155,192784.817967892],[1268103.75143814,192342.954022229],[1268098.69993906,192332.899908483],[1268088.86859389,192331.049190387],[1268030.70007506,192320.100065306],[1267946.19991598,192317.600070313],[1267854.39990272,192324.999989897],[1267777.00012314,192339.100027308],[1267748.96835506,192340.67548348],[1267735.78695098,192341.048842311],[1267421.00903723,192349.965491146],[1267421.00969338,192349.99961181],[1267420.99985088,192349.999939889],[1267106.40008639,192358.899856478],[1267106.34923348,192358.901168808],[1266791.68614888,192367.697739139],[1266477.00009847,192376.59995231],[1266162.60013673,192385.59993431],[1265847.89997873,192394.499850899],[1265579.80012122,192402.099901304],[1265556.93533756,192402.759676889],[1265546.24375789,192403.065778643],[1265538.00000797,192403.300030142],[1265499.90329939,192404.371550307],[1265232.99110356,192411.907952562],[1264943.01268089,192420.125127733],[1264664.55490448,192428.003720894],[1264664.3554298,192428.00929831],[1264385.33236581,192435.902655229],[1264385.55021314,192443.898702219],[1264385.50001639,192443.900014564],[1264351.50008439,192495.999975979],[1264078.1892793,192964.835324392],[1264067.64533713,192982.993096471],[1264027.96661071,193051.324324638],[1263991.9000818,193113.500053316],[1263968.10485381,193154.473068476],[1263797.83255656,193448.128321066],[1263704.98300472,193608.069274142],[1263634.0405613,193729.69862406],[1263598.8181908,193790.268712893],[1263598.80014622,193790.299880803],[1263431.99995489,194077.100160226],[1263431.98551922,194077.124766469],[1263283.79979198,194332.299781054],[1263206.04601046,194466.199447647],[1263206.00007881,194466.200103804],[1263108.61379063,194467.896294639]]},"properties":{"OBJECTID":257,"SegID":"W_3","GroupID":"W","OutsideSEA":0,"Shape_Leng":9607.19530967,"Tier_updat":"Medium","Comments":" "}},{"type":"Feature","id":258,"geometry":{"type":"LineString","coordinates":[[1261924.22377098,232336.971474975],[1262291.99993831,231926.499854982],[1262469.99991038,231726.499926895],[1262575.79989564,231605.599906221],[1262799.20003939,231313.900030315],[1262984.59993106,231073.700051397],[1263284.39985639,230685.299909562],[1263446.59999131,230475.000133306],[1263624.40016064,230248.399864733],[1263773.99992706,230097.499904066],[1263788.59996347,230084.200061888],[1263924.39988872,229960.499849975],[1264090.10001664,229810.000150979],[1264377.79990056,229548.700148642],[1264462.49986239,229467.499851733],[1264512.90002406,229420.60001114],[1264531.29992163,229405.299844891],[1264545.50002447,229393.899933308],[1264571.49997248,229378.600095138],[1264590.99993347,229371.2999129],[1264613.2000203,229365.100122139],[1264652.40007314,229360.899999306],[1264721.89993414,229357.400006309]]},"properties":{"OBJECTID":258,"SegID":"K_1","GroupID":"K","OutsideSEA":0,"Shape_Leng":4472.42263846,"Tier_updat":"Medium","Comments":" "}},{"type":"Feature","id":259,"geometry":{"type":"LineString","coordinates":[[1265044.4983703,229359.511222556],[1265048.80347981,229529.342247725],[1265077.95007506,230679.087323561],[1265099.74268238,231538.748990059],[1264777.71281464,231546.846742898],[1264766.15739155,231090.257432982],[1264765.90083039,231080.25876531],[1264756.22204398,230697.004282475],[1264755.14035322,230654.177924559],[1264754.88969755,230644.177616477],[1264745.9674713,230289.251817137],[1264743.81163572,230202.905861229],[1264726.44356023,229507.32752797],[1264721.89993414,229357.400006309]]},"properties":{"OBJECTID":259,"SegID":"L_1","GroupID":"L","OutsideSEA":0,"Shape_Leng":4370.09777518,"Tier_updat":"High","Comments":" "}},{"type":"Feature","id":260,"geometry":{"type":"LineString","coordinates":[[1263108.58426313,194470.298848897],[1263027.30850706,194469.299178973],[1263009.04312363,194465.483569816],[1263006.15697455,194464.715198636],[1262981.4142419,194458.127285317],[1262949.90708706,194449.448168814],[1262926.87662131,194441.027910054],[1262919.21390697,194438.226734564],[1262889.53844139,194424.536801308],[1262861.08049305,194408.469904304],[1262834.02838181,194390.133982971],[1262808.56419389,194369.651084304],[1262800.49367197,194361.993619308],[1262784.85689223,194347.157362893],[1262772.46879365,194334.402467147],[1262765.2568658,194326.970395386],[1262727.35799147,194287.921260893],[1262715.29994473,194275.500025898],[1262575.22771831,194131.173542887],[1262554.88392697,194110.212298721],[1262392.60373972,193936.252672896],[1262323.51070206,193877.72457473],[1262272.05608055,193848.035001561],[1262247.02299413,193838.853589475],[1262208.4489243,193828.427757308],[1262173.0021448,193822.172848552],[1262138.59834222,193820.087550893],[1262095.02132964,193817.793920308],[1262093.79987539,193817.700088471],[1262093.80053155,193817.729944065],[1262093.77854997,193817.72863172],[1261793.69975381,193823.203358307],[1261772.10005946,193823.600011066],[1259076.84987256,193895.049999386]]},"properties":{"OBJECTID":260,"SegID":"W_2","GroupID":"W","OutsideSEA":0,"Shape_Leng":4275.2774133,"Tier_updat":"High","Comments":" "}},{"type":"Feature","id":261,"geometry":{"type":"MultiLineString","coordinates":[[[1264774.8000908,234810.999991477],[1264777.90015022,234921.799966723],[1264787.09993497,235253.299959898],[1264799.40010722,235695.69999373],[1264811.59988597,236138.300158396],[1264815.00276631,236249.100133643],[1264825.19992439,236580.899994969],[1264833.7999728,236923.000032559],[1264836.19990239,237018.099907979],[1264670.1999063,237021.199967399],[1264505.00010547,237024.699960396],[1264342.79997055,237028.099887982],[1264175.09984663,237031.599880978],[1264010.79997839,237035.1999394],[1263845.59984948,237039.299996808],[1263845.83049205,237043.142180726],[1263862.11556447,237706.123794392],[1263878.38324848,238369.188413143],[1263899.44980739,239306.0930354],[1263922.14398772,240348.925595388],[1263940.3450668,241139.046718553]],[[1264817.05427139,234367.548450559],[1264798.50870481,234388.88338165],[1264785.23806205,234409.452566221],[1264777.27580763,234428.030941144],[1264769.97726581,234453.244473398],[1264765.33291814,234495.045898974],[1264774.79123256,234810.988836646]]]},"properties":{"OBJECTID":261,"SegID":"L2_1","GroupID":"L2","OutsideSEA":0,"Shape_Leng":7764.86454603,"Tier_updat":"Medium","Comments":" "}},{"type":"Feature","id":262,"geometry":{"type":"MultiLineString","coordinates":[[[1269228.12090856,229252.500281721],[1269227.12944072,229334.553923398],[1269230.37812188,229434.498933479],[1269231.43225364,229466.925705895],[1269232.67339289,229505.112309307],[1269248.36857148,230103.874563232],[1269249.49849047,230103.85258165]],[[1269249.49849047,230103.85258165],[1269249.54540639,230105.706252471],[1269253.61462398,230267.412293896]],[[1269253.61462398,230267.412293896],[1269276.3560483,230957.070035309]],[[1269253.61462398,230267.412293896],[1269260.25535873,230531.314981312],[1269270.90888073,230957.205205649],[1269276.3560483,230957.070035309]],[[1269276.3560483,230957.070035309],[1269292.50463806,231446.781654313]],[[1269292.50463806,231446.781654313],[1269283.1769008,231447.012953058],[1269291.73725113,231795.753397316],[1269275.33669339,231831.278588727],[1269303.75527172,231787.964370891]],[[1269303.75527172,231787.964370891],[1269292.50463806,231446.781654313]],[[1269303.75527172,231787.964370891],[1269376.43688489,231877.351987392],[1269615.29401872,231880.115105227]],[[1269615.29401872,231880.115105227],[1269607.94856097,231739.694782391],[1269602.69824339,231439.091709062],[1269594.14183006,230949.182255805],[1269579.26521939,230097.405087978],[1269249.49849047,230103.85258165]],[[1269615.29401872,231880.115105227],[1269937.51286247,231883.842788056],[1270074.57197155,231882.673170969],[1270105.65425847,231887.787662059],[1270253.38460605,231941.040508315],[1270386.93387964,232056.078335971]]]},"properties":{"OBJECTID":262,"SegID":"H1_1","GroupID":"H1","OutsideSEA":0,"Shape_Leng":6973.53115921,"Tier_updat":"High","Comments":" "}},{"type":"Feature","id":263,"geometry":{"type":"LineString","coordinates":[[1273514.59986839,224671.700060144],[1273514.31968522,224671.664955229],[1273509.52737197,224671.065875053],[1273233.31040472,224517.736129224],[1273233.14242606,224517.64295356],[1273208.61065097,224503.119032472],[1273192.82688989,224493.774234891],[1273007.41813996,224384.003128976],[1272955.57277122,224353.273859724],[1272953.85000564,224356.188223973],[1272953.70007156,224356.099969566],[1272817.20001647,224274.299936309],[1272678.90009622,224190.700037897],[1272524.00014356,224453.79990539],[1270860.99986064,223469.00003773]]},"properties":{"OBJECTID":263,"SegID":"O_1","GroupID":"O","OutsideSEA":0,"Shape_Leng":3206.13889994,"Tier_updat":"High","Comments":" "}},{"type":"Feature","id":264,"geometry":{"type":"LineString","coordinates":[[1277946.79802497,224573.049666896],[1277946.86921905,224575.090673313],[1277952.3505073,224827.540299639],[1277956.79045905,225031.929982722],[1277961.39018738,225243.691370219],[1277966.07915439,225441.117812648],[1277970.13951372,225612.07022664],[1277977.62932813,225978.160701811],[1277992.59911448,226547.241912723],[1277992.65784138,226549.3685489],[1278000.27724873,226760.657824472],[1278000.6102533,226769.894682646],[1278005.83793314,226914.854038388],[1278015.5177038,227179.139270976],[1278020.65811346,227317.579610899],[1278026.86709055,227484.752832979],[1278041.64921322,227905.938342303],[1278047.75156322,228079.803480148],[1278056.76007539,228336.471273899],[1278067.3502773,228561.091887638],[1278075.95360656,228756.926797807],[1278093.95914797,229312.044453979]]},"properties":{"OBJECTID":264,"SegID":"N_2","GroupID":"N","OutsideSEA":0,"Shape_Leng":4741.41205524,"Tier_updat":"Medium","Comments":" "}},{"type":"Feature","id":265,"geometry":{"type":"LineString","coordinates":[[1273514.24947539,224671.706621811],[1273511.38760448,224515.024848565],[1273507.62940989,224314.248675317],[1273503.67010023,224060.35548231],[1273545.0089283,223998.186315313],[1273624.53796872,223878.568444312],[1273751.67682205,223687.342120722],[1273955.99727955,223380.028758973],[1273978.57170947,223349.869370475],[1274138.32795164,223111.00370647],[1274170.50669305,223062.918500811],[1274181.94499038,223045.826343387],[1274204.36194031,223012.329363137],[1274294.95329456,222875.262708142],[1274307.44506747,222856.362155393],[1274319.16617264,222838.627938896],[1274327.06904396,222826.670941815],[1274410.08757873,222701.060956806]]},"properties":{"OBJECTID":265,"SegID":"M_1","GroupID":"M","OutsideSEA":0,"Shape_Leng":3177.69450659,"Tier_updat":"High","Comments":" "}},{"type":"Feature","id":266,"geometry":{"type":"LineString","coordinates":[[1264724.23063813,229355.691676393],[1265561.84936972,229346.342285648],[1265688.93080847,229343.111977145],[1266053.65087956,229333.860027149],[1266301.37085655,229327.33969897],[1266502.79105739,229322.19272764],[1266653.96890464,229318.329546392],[1266975.4886028,229310.131728142],[1267297.19038722,229301.871574059],[1267531.56098147,229296.011677638],[1267620.2983368,229293.582220554],[1267723.3417659,229290.971005306],[1267822.35961246,229288.446075976],[1267973.75005773,229284.585191309]]},"properties":{"OBJECTID":266,"SegID":"K2_2","GroupID":"K2","OutsideSEA":0,"Shape_Leng":2930.21005167,"Tier_updat":"High","Comments":" "}},{"type":"Feature","id":267,"geometry":{"type":"LineString","coordinates":[[1260290.76247098,247719.741890475],[1260196.5001923,242828.293340057]]},"properties":{"OBJECTID":267,"SegID":"K_3","GroupID":"K","OutsideSEA":0,"Shape_Leng":4892.35672233,"Tier_updat":"High","Comments":" "}},{"type":"Feature","id":268,"geometry":{"type":"MultiLineString","coordinates":[[[1277798.01813881,240200.709028304],[1277409.45493956,240506.485647723],[1277398.83324164,240514.790749222],[1277063.34900448,240778.753803983],[1276866.87203522,240931.914586887],[1276759.55958581,241015.568290979],[1276614.04117605,241129.005071983],[1276565.30242839,241166.998762399],[1276506.24283522,241213.037384227],[1276334.44954364,241346.956407726],[1275975.16909422,241628.111685306],[1275885.72931246,241688.879280314],[1275957.40403789,241832.925580144],[1275957.52247597,241833.168689892],[1275958.62450789,241888.636098638],[1275962.17010447,242067.070124969],[1275980.00930764,242549.600984067],[1275983.55490422,242659.365528315],[1275987.49091998,242781.202226892]],[[1275987.49091998,242781.202226892],[1275991.58572805,242865.139394969],[1275991.22286789,242865.151205972],[1275990.64216039,242865.169906721]],[[1275987.49091998,242781.202226892],[1275990.64216039,242865.169906721]],[[1275980.74224581,242781.440743476],[1275987.49091998,242781.202226892]],[[1275980.74224581,242781.440743476],[1275423.88213906,242801.028302729]],[[1275980.74224581,242781.440743476],[1275708.71785547,242791.050304309],[1275560.80739014,242796.231724396],[1275423.88213906,242801.028302729]],[[1275423.88213906,242801.028302729],[1275141.17962047,242810.929201558]],[[1275141.17962047,242810.929201558],[1274715.55940872,242822.321239144]],[[1275141.17962047,242810.929201558],[1274860.04009089,242820.770061135],[1274855.85013863,242820.819929808],[1274715.55940872,242822.321239144]],[[1274715.55940872,242822.321239144],[1274661.41548814,242822.901290476],[1274582.02719547,242823.751682475],[1274582.02719547,242823.768742815]],[[1274582.02719547,242823.768742815],[1274584.55835839,242892.55010131],[1274584.89529997,242901.821736306],[1274585.2391313,242910.95163931],[1274595.45991139,242912.919155061],[1274617.80993231,242913.449993894],[1274635.99985656,242913.880111143],[1274740.06985839,242908.130122647]],[[1275990.64216039,242865.169906721],[1275894.91072455,242868.227971479],[1275782.03988731,242871.833607316],[1275711.78248189,242874.077697307],[1275632.68355872,242876.616734222],[1275600.09536931,242877.662663892],[1275426.9283928,242883.220723644],[1275142.01065555,242892.369983554],[1274862.21003406,242901.369965553],[1274776.6167013,242906.107160807],[1274756.36575755,242907.228221565],[1274740.06985839,242908.130122647]],[[1274740.06985839,242908.130122647],[1274684.24713539,242909.5799229],[1274672.01815723,242910.039895728],[1274617.27121948,242912.097962469],[1274582.02719547,242823.768742815]]]},"properties":{"OBJECTID":268,"SegID":"J2_1","GroupID":"J2","OutsideSEA":0,"Shape_Leng":7802.96367548,"Tier_updat":"High","Comments":" "}},{"type":"Feature","id":269,"geometry":{"type":"LineString","coordinates":[[1274586.99076822,242910.95163931],[1274587.59050456,242927.30167222],[1274595.47041005,243141.472831815],[1274596.32801989,243164.294636562],[1274599.66429931,243253.091374978],[1274604.03076039,243369.302428648],[1274615.47037005,243681.039337978],[1274630.1130573,244077.201603398],[1274635.40110447,244220.92999047],[1274645.05101955,244483.395344809],[1274653.04116106,244700.728571564],[1274670.83705722,244748.151048899]]},"properties":{"OBJECTID":269,"SegID":"J1_1","GroupID":"J1","OutsideSEA":0,"Shape_Leng":1841.64696038,"Tier_updat":"High","Comments":" "}},{"type":"Feature","id":270,"geometry":{"type":"LineString","coordinates":[[1281685.99986413,265758.400038809],[1282880.68251413,265712.430314481],[1283027.35085598,265627.675234646],[1283139.40082872,265557.598275065],[1283697.92070906,264157.656193063],[1283693.29735872,263712.087858483],[1284658.19569139,260531.056818977],[1284750.4117143,260350.95547314],[1284807.28233548,260170.572631806],[1284812.54807298,260071.38746272],[1284802.92276414,259753.772612393],[1284746.91303363,257845.44407998],[1284775.25910555,257712.428269893],[1285045.57483789,257173.548114061],[1285384.8710753,256596.888506219],[1285521.94330773,256480.196154311],[1285884.79428805,256277.792687729],[1286467.98308231,255943.579117313],[1286988.50730371,255426.604429483],[1287503.4632948,254599.765531972],[1287700.12891197,254042.288628563],[1287814.25105906,253548.518946812],[1287927.58810273,253055.565208316],[1288043.63183388,252814.290100306],[1288099.36400589,252650.96726422],[1288094.68127248,249756.684338897]]},"properties":{"OBJECTID":270,"SegID":"C5_3","GroupID":"C5","OutsideSEA":0,"Shape_Leng":18813.4902972,"Tier_updat":"Low","Comments":" "}},{"type":"Feature","id":271,"geometry":{"type":"LineString","coordinates":[[1276199.6610993,254284.363275647],[1276293.80789264,257967.268967554],[1276271.4877273,259624.928053811],[1276283.49459305,261948.619600639]]},"properties":{"OBJECTID":271,"SegID":"B_1","GroupID":"B","OutsideSEA":0,"Shape_Leng":7665.64075703,"Tier_updat":"Low","Comments":" "}},{"type":"Feature","id":272,"geometry":{"type":"LineString","coordinates":[[1258722.30005673,240378.194565728],[1260169.67084964,240352.920994222]]},"properties":{"OBJECTID":272,"SegID":"X_1","GroupID":"X","OutsideSEA":0,"Shape_Leng":1447.591436,"Tier_updat":"High","Comments":" "}},{"type":"Feature","id":273,"geometry":{"type":"LineString","coordinates":[[1274551.86747889,227089.594502553],[1278010.43602106,227042.270778313]]},"properties":{"OBJECTID":273,"SegID":"G2_1","GroupID":"G2","OutsideSEA":0,"Shape_Leng":3458.89229317,"Tier_updat":"Medium","Comments":" "}},{"type":"Feature","id":274,"geometry":{"type":"LineString","coordinates":[[1275096.09178413,222088.509688482],[1278032.94811514,222058.196756974]]},"properties":{"OBJECTID":274,"SegID":"P_2","GroupID":"P","OutsideSEA":0,"Shape_Leng":2937.01276517,"Tier_updat":"High","Comments":" "}},{"type":"Feature","id":275,"geometry":{"type":"LineString","coordinates":[[1257102.36202364,215870.831507057],[1256897.12030813,208545.764136225]]},"properties":{"OBJECTID":275,"SegID":"U1_1","GroupID":"U1","OutsideSEA":0,"Shape_Leng":7327.94214968,"Tier_updat":"Medium","Comments":" "}},{"type":"Feature","id":276,"geometry":{"type":"LineString","coordinates":[[1271213.72947013,212025.168594733],[1271165.53009146,210744.88440989],[1271121.55642614,210520.234924808],[1270989.86738506,206270.830365896],[1270947.4042154,204607.838285059],[1270960.53509463,203478.146646813],[1270884.41516814,201987.508223891],[1272327.72232088,200700.368737817]]},"properties":{"OBJECTID":276,"SegID":"R2_1","GroupID":"R2","OutsideSEA":0,"Shape_Leng":11981.3040223,"Tier_updat":"Low","Comments":" "}},{"type":"Feature","id":277,"geometry":{"type":"LineString","coordinates":[[1275143.9742343,214887.565100893],[1275121.67703481,213617.190345064],[1275082.57343847,212026.298185647],[1275040.39602938,210422.591091231],[1275018.69462922,208339.25765948],[1275018.69462922,207970.334184721],[1274918.52521014,204593.039430141],[1274919.30801697,204324.123629391],[1275004.29013047,204141.86644797],[1275196.32058631,203965.580383226],[1275485.26620264,203721.020504892]]},"properties":{"OBJECTID":277,"SegID":"S1_1","GroupID":"S1","OutsideSEA":0,"Shape_Leng":11406.5932332,"Tier_updat":"Low","Comments":" "}},{"type":"Feature","id":278,"geometry":{"type":"LineString","coordinates":[[1282818.00317755,199264.21577023],[1283908.67881772,199246.653469399],[1284241.75918831,199241.687271982],[1284354.74649514,199195.526603147],[1285492.09034905,199179.901634395]]},"properties":{"OBJECTID":278,"SegID":"S2_1","GroupID":"S2","OutsideSEA":0,"Shape_Leng":2683.43861261,"Tier_updat":"Medium","Comments":" "}},{"type":"Feature","id":279,"geometry":{"type":"LineString","coordinates":[[1279132.26776689,200029.359581143],[1279856.2915813,199291.760334566],[1280246.65792656,198890.652540982],[1280507.17282547,198620.209184229],[1280789.46983306,198096.552751228],[1280874.10483439,197843.907915309],[1281067.62478855,197317.4821309],[1281119.70801772,197083.106943473],[1281120.18570705,195308.297829062],[1281183.75644605,194958.001941726],[1282039.25342272,193770.76579915],[1282044.18713988,192395.607132137],[1282083.2497258,192018.002900481],[1282161.37489764,191965.919671312],[1282226.47877006,191926.857085392],[1282369.70814238,191991.961285889],[1282408.7707283,192109.148715556],[1282395.74975698,192421.648746729],[1282304.60394189,192551.857147723],[1282304.60394189,192629.98199147],[1282408.7707283,192760.190392479],[1282656.16655897,193632.586285472],[1282771.72243021,194061.113971725],[1282826.20690131,194147.323116899],[1283247.56826331,194228.469608143]]},"properties":{"OBJECTID":279,"SegID":"S_3","GroupID":"S","OutsideSEA":0,"Shape_Leng":12029.0386121,"Tier_updat":"Low","Comments":"This portion can probably drop down to just Priority"}},{"type":"Feature","id":280,"geometry":{"type":"LineString","coordinates":[[1282818.00317755,199264.21577023],[1282904.83633722,198860.803847387],[1282920.66307722,198661.858707219],[1282916.35534306,196402.722149387],[1283050.32784414,195911.101413473],[1283259.42978814,195266.74902764],[1283307.29386564,195052.924652144],[1283323.68753363,194589.346839145],[1283247.56826331,194228.469608143]]},"properties":{"OBJECTID":280,"SegID":"T1_1","GroupID":"T1","OutsideSEA":0,"Shape_Leng":5110.14713674,"Tier_updat":"Medium","Comments":" "}},{"type":"Feature","id":281,"geometry":{"type":"LineString","coordinates":[[1288094.68127248,249756.684338897],[1288015.32578814,249552.956399888],[1285758.17315023,247253.562704727],[1285622.10846172,247168.374226809],[1285439.60981098,247100.751986727],[1285232.16993713,247079.473814055],[1285025.83111097,247104.799222723],[1284757.25914155,247135.29128772],[1284636.23576155,247140.183666393],[1284375.95478606,247110.27394931],[1284191.80423573,247041.281633228],[1284020.53522131,246912.607677981],[1283772.04982589,246585.955444142],[1283268.78049122,245894.831170231]]},"properties":{"OBJECTID":281,"SegID":"C5_2","GroupID":"C5","OutsideSEA":0,"Shape_Leng":6541.96493391,"Tier_updat":"Low","Comments":" "}},{"type":"Feature","id":282,"geometry":{"type":"LineString","coordinates":[[1276298.67107189,265919.777996898],[1276383.42385514,271221.993442312]]},"properties":{"OBJECTID":282,"SegID":"B_3","GroupID":"B","OutsideSEA":0,"Shape_Leng":5302.89276375,"Tier_updat":"Low","Comments":" "}},{"type":"Feature","id":283,"geometry":{"type":"LineString","coordinates":[[1276283.49459305,261948.619600639],[1276298.67107189,265919.777996898]]},"properties":{"OBJECTID":283,"SegID":"B_2","GroupID":"B","OutsideSEA":0,"Shape_Leng":3971.18739594,"Tier_updat":"Low","Comments":" "}},{"type":"Feature","id":284,"geometry":{"type":"LineString","coordinates":[[1273599.53965914,259372.299622059],[1273603.34837855,259703.388198733],[1273607.1505363,260034.491211057],[1273610.73976797,260346.558500305],[1273610.95892763,260365.609971389],[1273614.76174155,260696.718889222],[1273614.63149247,261150.207811639],[1273614.48254263,261666.535519138],[1273614.38018064,262022.089926139],[1273614.37952447,262024.093531057],[1273616.35983548,262024.03775689],[1274067.38682055,262011.192638233],[1274284.15246314,262005.040747643],[1274544.12996155,261997.66280964],[1274576.43271847,261996.748441398],[1274949.10257681,261986.201546475],[1274949.25218281,261986.198921815],[1274968.74984722,261985.640195891],[1275429.05010772,261972.449277386],[1275600.88014464,261967.522121891],[1275616.3099038,261967.080849811],[1275718.92977731,261964.139910802],[1275895.89464647,261959.067414388],[1275949.8801028,261957.520173386],[1276283.49229647,261948.619928733]]},"properties":{"OBJECTID":284,"SegID":"C1_2","GroupID":"C1","OutsideSEA":0,"Shape_Leng":5322.06158747,"Tier_updat":"Medium","Comments":" "}},{"type":"Feature","id":285,"geometry":{"type":"LineString","coordinates":[[1276283.49229647,261948.619928733],[1276890.13117506,261928.500874475],[1277215.24174531,261917.72596164],[1277347.93734606,261913.328004554],[1277807.73924798,261898.091486469],[1277941.32789156,261895.948118061],[1278026.45993914,261911.30897972],[1278106.4683093,261944.211472973],[1278119.04997705,261951.309883982],[1278269.06115997,262039.469812647],[1278315.27005705,262066.640033886],[1278418.47063805,262127.26786539],[1278477.27760705,262128.170094565],[1278700.45793498,262131.593644142],[1278715.87621123,262131.830520302],[1278762.38628881,262140.467314065],[1278762.42926772,262140.477812722],[1278797.24153405,262155.493202642],[1278835.47767806,262183.431138888],[1278857.65906414,262208.184042141],[1278932.36068639,262291.536237642],[1279070.28691973,262421.7436544],[1279240.15829913,262582.10783498]]},"properties":{"OBJECTID":285,"SegID":"C1_3","GroupID":"C1","OutsideSEA":0,"Shape_Leng":3191.95719238,"Tier_updat":"Medium","Comments":" "}},{"type":"Feature","id":286,"geometry":{"type":"MultiLineString","coordinates":[[[1264777.71281464,231546.846742898],[1264777.95854905,231556.557681471],[1264788.3000638,231865.399911553],[1264788.80006281,231959.599854395],[1264793.49985656,232179.000006139],[1264801.59990597,232498.399957895],[1264810.00015163,232818.100105897]],[[1264844.86753598,233681.863142148],[1264854.49153247,233996.72340481]],[[1264854.49153247,233996.72340481],[1264858.63686539,234135.175227642],[1264860.8789869,234233.620240733],[1264860.2152743,234272.104087636],[1264857.56140822,234300.635198563],[1264853.58044505,234317.886804476],[1264846.94528772,234333.147928804],[1264834.33835755,234349.072437644],[1264817.05427139,234367.548450559]],[[1264835.46926081,233366.09080781],[1264844.86753598,233681.863142148]],[[1264810.05198881,232818.088294894],[1264814.91451189,233052.627523974]],[[1264814.91451189,233052.627523974],[1264835.46926081,233366.09080781]]]},"properties":{"OBJECTID":286,"SegID":"L_2","GroupID":"L","OutsideSEA":0,"Shape_Leng":2829.21217804,"Tier_updat":"Medium","Comments":" "}},{"type":"Feature","id":287,"geometry":{"type":"LineString","coordinates":[[1260183.90015189,242368.399902895],[1260333.59998372,242578.099942803],[1260848.70000339,242902.099950969],[1261156.49991272,242779.199934304],[1262326.30006656,241718.10002239],[1264272.89984789,241018.39997822],[1264559.49999647,240851.699852303],[1266653.60013898,239360.500078812],[1266660.60012497,240899.800149813],[1267278.50013588,240821.900043145],[1268401.5999238,240536.799891561],[1268731.09992097,240459.59991473],[1269975.79985939,240424.200051144],[1270087.46925548,242775.943379149],[1273476.09994538,242624.599849805],[1273838.9000728,242792.699907303],[1273852.29998039,243385.599968225],[1274602.3001208,243369.300132066]]},"properties":{"OBJECTID":287,"SegID":"Y_1","GroupID":"Y","OutsideSEA":0,"Shape_Leng":20141.7720931,"Tier_updat":"Medium","Comments":" "}},{"type":"Feature","id":288,"geometry":{"type":"LineString","coordinates":[[1270386.93387964,232056.078335971],[1270540.98245606,232226.449714392],[1270632.43109205,232327.588291645],[1270707.93815888,232385.513044566],[1271135.08166155,232865.70762223],[1271145.87724364,232902.291210473],[1271168.95560956,232928.262615219],[1271192.29381748,232954.301933229],[1271969.95728838,233821.969161138],[1272182.85646889,234073.373185888],[1272300.10590631,234178.103619471],[1272328.64259464,234187.616067648],[1272386.14412005,234196.931009635],[1272516.78591914,234779.642442644],[1272615.40219173,235144.864481226],[1272531.41417073,235513.974635392],[1272460.48911572,235841.262366638],[1272471.83325315,236381.202887803],[1272483.26334839,236920.920640394],[1272500.31974472,237760.97735922],[1272503.27511939,237906.517422482],[1272508.9106068,238184.070345059],[1272512.74852563,238362.300631642],[1272519.13958897,238659.095969811],[1272528.01752397,239071.390092731],[1272882.00697348,239718.101069644],[1273152.40800747,240212.10073781],[1273336.28756097,240548.097441137],[1273375.99515872,240620.654054552],[1273423.67026022,240707.769037813],[1273495.30135055,240838.658539817],[1273704.64804472,241221.004231811],[1273736.19522572,241276.943424389],[1273775.97204906,241347.476419806],[1273855.95154789,241495.33078289],[1273956.43887973,241681.097471729],[1274142.57302189,242021.21785447],[1274145.04775447,242025.740155146],[1274266.11181681,242246.851261482],[1274461.40440522,242603.532306641],[1274461.74659614,242604.15730539],[1274473.53922348,242626.286526233],[1274582.02719547,242823.753322899]]},"properties":{"OBJECTID":288,"SegID":"J_2","GroupID":"J","OutsideSEA":0,"Shape_Leng":12149.4048506,"Tier_updat":"High","Comments":" "}},{"type":"Feature","id":289,"geometry":{"type":"LineString","coordinates":[[1264272.92511031,271528.333380803],[1264501.12314472,271523.163115561],[1264530.5643588,271522.495794058],[1264964.00115597,271512.674619481],[1265818.87018114,271493.30359523],[1265848.7467618,271492.627087399],[1265848.86126289,271492.624462724],[1265897.51569314,271491.652023733],[1266171.83601063,271486.1704074],[1266783.54213631,271473.946678564],[1267095.09859981,271467.717032224],[1267718.20234047,271455.269222483],[1267720.20200838,271455.229524389],[1267722.20233247,271455.189498231],[1267760.47456564,271454.424735978],[1267799.2290813,271453.650787398],[1267801.22874922,271453.611089304],[1267803.2290733,271453.571063146],[1268130.19134589,271447.037283555],[1268378.84931314,271442.068789557],[1268380.85423039,271442.028435305],[1268382.84930514,271441.988409147],[1268425.78327438,271441.130799308]]},"properties":{"OBJECTID":289,"SegID":"E_1","GroupID":"E","OutsideSEA":0,"Shape_Leng":4153.77711188,"Tier_updat":"Low","Comments":" "}},{"type":"Feature","id":290,"geometry":{"type":"LineString","coordinates":[[1265776.30530564,267518.544812471],[1268374.78764147,267452.851374313]]},"properties":{"OBJECTID":290,"SegID":"F_1","GroupID":"F","OutsideSEA":0,"Shape_Leng":2599.31261633,"Tier_updat":"Medium","Comments":" "}},{"type":"Feature","id":291,"geometry":{"type":"LineString","coordinates":[[1280591.21727681,265788.402275398],[1281685.99986413,265758.400038809]]},"properties":{"OBJECTID":291,"SegID":"F_2","GroupID":"F","OutsideSEA":0,"Shape_Leng":1095.19361197,"Tier_updat":"Low","Comments":" "}},{"type":"Feature","id":292,"geometry":{"type":"LineString","coordinates":[[1274930.22892688,244741.221272722],[1274952.38734713,245086.007328555],[1274980.14418139,245199.887022063],[1274996.76750772,245382.860737473],[1275069.41270363,248335.110410392],[1275109.03040655,248465.407721981],[1275237.71322006,248663.794136226],[1275253.7988178,250025.689050227],[1275285.96935713,251350.051558971],[1275312.77835864,251880.868738815],[1275393.20536314,252100.702288643],[1275398.56722906,252685.137471482],[1274847.13591722,252701.362504646]]},"properties":{"OBJECTID":292,"SegID":"J1_2B","GroupID":"J1","OutsideSEA":0,"Shape_Leng":9915.72755869,"Tier_updat":"Medium","Comments":"Roosevelt is missing its NB couplet on 11th/12th. Should also be High Priority"}},{"type":"Feature","id":293,"geometry":{"type":"LineString","coordinates":[[1277063.34900448,240778.753803983],[1277127.81541097,240802.617929474],[1277417.78694388,240782.249859974],[1277666.64930706,240843.458727062],[1277807.6578833,240917.589812398],[1277981.09487239,240958.254101142]]},"properties":{"OBJECTID":293,"SegID":"J2_0","GroupID":"J2","OutsideSEA":0,"Shape_Leng":953.154474372,"Tier_updat":"Medium","Comments":"High Priority Transit Connection to UW Link Station"}},{"type":"Feature","id":294,"geometry":{"type":"LineString","coordinates":[[1278095.89385539,229316.673053637],[1278209.01272364,229427.611480057],[1278304.52204706,229520.644758552],[1278417.56906505,229627.937522978],[1278442.7136998,229652.995871812],[1278475.39440872,229685.207421556],[1278505.54001772,229713.818912894],[1278603.51193464,229806.806915894],[1278666.02329256,229868.422278225],[1278759.44600597,229964.360078469],[1278865.88542564,230063.644328728],[1278902.6320713,230100.267615065],[1279146.24871005,230329.11984764],[1279342.24897422,230518.749717727],[1279359.85523821,230536.656506062],[1279420.14087881,230593.882441476],[1279435.21204288,230608.18884331],[1279455.28418122,230626.048715726],[1279477.96031697,230651.155292809],[1279560.85188347,230729.841815233],[1279577.83380489,230744.952349305],[1279600.99517588,230765.561231971]]},"properties":{"OBJECTID":294,"SegID":"G_4","GroupID":"G","OutsideSEA":0,"Shape_Leng":2089.47710303,"Tier_updat":"High","Comments":"Continue Premium all the way to end of G Line at MLK. Also serves Rt 8 and will continue serving multiple routes in the future"}},{"type":"Feature","id":295,"geometry":{"type":"LineString","coordinates":[[1273503.67010023,224060.35548231],[1273485.5779448,223028.103937894],[1275107.40278514,222992.591869816],[1275105.10390522,222077.879788473]]},"properties":{"OBJECTID":295,"SegID":"AA_3","GroupID":"AA","OutsideSEA":0,"Shape_Leng":3569.3386383,"Tier_updat":"High","Comments":"Full streetcar route (including C3) should be included as Premium. Rail investment from the city represents significant commitment to transit, and it could be transformative if given proper priority"}},{"type":"Feature","id":296,"geometry":{"type":"LineString","coordinates":[[1269359.25909773,228504.168445066],[1269364.60948072,228063.765782565],[1269450.54336397,227338.707849473],[1268472.11487463,226262.827455312],[1270176.13115163,223362.223676473],[1270154.53014497,222183.079053149]]},"properties":{"OBJECTID":296,"SegID":"AA_1","GroupID":"AA","OutsideSEA":0,"Shape_Leng":7168.26024451,"Tier_updat":"High","Comments":"Full streetcar route (including C3) should be included as Premium. Rail investment from the city represents significant commitment to transit, and it could be transformative if given proper priority"}},{"type":"Feature","id":297,"geometry":{"type":"LineString","coordinates":[[1277868.14660747,218082.256874233],[1278988.58531147,218037.977107137],[1278932.99388722,216335.412270814],[1278953.54076214,216027.838738978],[1279201.22924314,215463.757846147],[1279347.79358256,215113.788729817],[1279385.87060614,214889.426973805],[1279382.04285789,214362.739706978],[1279371.74366589,214083.081473649],[1279044.13080406,214101.85735473],[1278894.7364178,214405.393164977],[1279379.03958306,214395.122844309]]},"properties":{"OBJECTID":297,"SegID":"N_0","GroupID":"N","OutsideSEA":0,"Shape_Leng":6313.52005098,"Tier_updat":"Low","Comments":"Include as Priority. Serves Frequent route 8 (Massachusetts part post-East Link) and Rt 4"}},{"type":"Feature","id":298,"geometry":{"type":"LineString","coordinates":[[1271354.39027806,218914.109869316],[1271363.53002356,219373.46000047],[1271368.69996072,219633.300031975],[1271369.5093423,219673.988926977],[1271374.19896547,219910.430055141],[1271382.7101033,220338.678870559],[1271383.99684614,220360.612881809],[1271384.0289983,220405.509117469],[1271384.59887905,220433.837144807],[1271383.07296348,220827.498102888],[1271386.23404638,221180.376006067],[1271386.94500297,221546.336888313],[1271395.57392272,221874.480917066],[1271406.79699738,222157.03087689],[1271419.51481973,222156.671625644]]},"properties":{"OBJECTID":298,"SegID":"R1_1","GroupID":"R1","OutsideSEA":0,"Shape_Leng":3256.32286857,"Tier_updat":"High","Comments":" "}},{"type":"Feature","id":299,"geometry":{"type":"LineString","coordinates":[[1270008.95661722,215109.685719639],[1271658.39951256,215076.950548887],[1271612.00196755,212053.950033233],[1271976.98680189,212059.662620232],[1272266.42323089,211949.464349806],[1273226.59289847,211977.861274645],[1273697.37804614,212296.05059889],[1273978.76495056,212543.121955141],[1274232.69915397,212622.047650307],[1274469.47591139,212580.868926898],[1274645.62549347,212418.464724138],[1274747.43106414,212230.851254225],[1275059.68076771,211128.217632726]]},"properties":{"OBJECTID":299,"SegID":"Z_1","GroupID":"Z","OutsideSEA":0,"Shape_Leng":18585.3795382,"Tier_updat":"Medium","Comments":"Route 50 from SODO to Rainier should be included as Priority. It provides one of the few E/W connections in South Seattle and connects to the Columbia City Light Rail Station"}},{"type":"Feature","id":300,"geometry":{"type":"LineString","coordinates":[[1259076.90006931,193895.000130728],[1259015.61377455,192563.706861556],[1261730.05519606,192489.632534638],[1261761.16438581,193823.797517225]]},"properties":{"OBJECTID":300,"SegID":"U2_0","GroupID":"U2","OutsideSEA":0,"Shape_Leng":5382.68274957,"Tier_updat":"High","Comments":"This loop needs to be added - it is the beginning of the RapidRide C and Route 21"}},{"type":"Feature","id":301,"geometry":{"type":"LineString","coordinates":[[1273599.49996105,259372.299950138],[1273607.1505363,260034.491211057],[1272283.64301272,260074.656813145],[1272277.0035903,259444.858532056],[1272277.38022996,259432.903175399]]},"properties":{"OBJECTID":301,"SegID":"K_6","GroupID":"K","OutsideSEA":0,"Shape_Leng":2628.14687264,"Tier_updat":"High","Comments":"Include full area around Northgate Station"}},{"type":"Feature","id":302,"geometry":{"type":"LineString","coordinates":[[1274930.22892688,244741.221272722],[1274879.81236106,243350.605287567],[1274830.21731588,243226.937555894],[1274669.40628581,243020.253586054],[1274617.27121948,242912.097962469]]},"properties":{"OBJECTID":302,"SegID":"J1_1B","GroupID":"J1","OutsideSEA":0,"Shape_Leng":9915.72755869,"Tier_updat":"Medium","Comments":"Roosevelt is missing its NB couplet on 11th/12th. Should also be High Priority"}},{"type":"Feature","id":303,"geometry":{"type":"LineString","coordinates":[[1275059.68076771,211128.217632726],[1275042.34320398,209143.370880648],[1275701.41603281,208375.684751973],[1277158.78549339,207600.804411978]]},"properties":{"OBJECTID":303,"SegID":"Z_2","GroupID":"Z","OutsideSEA":0,"Shape_Leng":18585.3795382,"Tier_updat":"Medium","Comments":"Route 50 from SODO to Rainier should be included as Priority. It provides one of the few E/W connections in South Seattle and connects to the Columbia City Light Rail Station"}},{"type":"Feature","id":304,"geometry":{"type":"LineString","coordinates":[[1277158.78549339,207600.804411978],[1277541.55670947,207676.258657396],[1278015.58824173,207884.111588135],[1278571.73804806,208179.982715562],[1278779.1323183,208285.269906566],[1278992.87828189,208306.19210881],[1279142.73953073,208261.857551813],[1279553.95524372,208010.692371726],[1281511.00907239,207935.627561226]]},"properties":{"OBJECTID":304,"SegID":"Z_3","GroupID":"Z","OutsideSEA":0,"Shape_Leng":18585.3795382,"Tier_updat":"Medium","Comments":"Route 50 from SODO to Rainier should be included as Priority. It provides one of the few E/W connections in South Seattle and connects to the Columbia City Light Rail Station"}},{"type":"Feature","id":305,"geometry":{"type":"LineString","coordinates":[[1275069.79951389,222088.748861223],[1275035.20903189,222089.063821226],[1275028.26022689,222089.127141312],[1274808.17995839,222091.130090058],[1274412.53737697,222094.790843889],[1274334.80984214,222095.506393641],[1273738.87829122,222105.17894648],[1270154.53014497,222183.079053149]]},"properties":{"OBJECTID":305,"SegID":"AA_2","GroupID":"P","OutsideSEA":0,"Shape_Leng":4916.22534447,"Tier_updat":"High","Comments":" "}},{"type":"Feature","id":306,"geometry":{"type":"LineString","coordinates":[[1266980.68019347,229348.729419976],[1266981.17231847,229373.747742638],[1266979.99417122,229414.158094898],[1266983.44462363,229489.209782064],[1266984.48530397,229542.090581805],[1266986.31961788,229635.306602731],[1266988.29074256,229735.451743647],[1266998.97083931,230090.153790146],[1267000.28514114,230156.92957522],[1267001.90062347,230239.022258803],[1267003.07778648,230298.832178563],[1267003.15947922,230302.989650562],[1267003.70705031,230330.816038474],[1267004.47345297,230369.765435636],[1267008.71721089,230585.409361303],[1267008.80579339,230587.775498316],[1267024.82085322,231015.160798386],[1267027.22996914,231137.589031219],[1267027.39433889,231145.940392479],[1267037.5534393,231474.165785894],[1267046.09607314,231808.005013227],[1267047.79226397,231994.475768894],[1267050.22893889,232118.289497644],[1267211.90676513,232112.3357694],[1267341.53413056,232107.013601556],[1267369.94122598,232109.227835983],[1267379.98549722,232431.910261482],[1267382.22827488,232545.986804977],[1267383.07669839,232589.130091399],[1267386.2495923,232750.507721394],[1267389.42248622,232911.885023311],[1267394.54058622,233071.83778739],[1267395.00515223,233095.469957978],[1267396.12654105,233152.508229733],[1267398.29517189,233262.803612813],[1267400.61242448,233380.661644816],[1267400.87325072,233870.557974726],[1267402.70592423,233963.773995638],[1267403.08912556,233983.248694226],[1267403.60880956,234009.688930064],[1267403.88210297,234023.583915398],[1267404.21051438,234040.286965981],[1267408.23675306,234056.917182058],[1267408.50971839,234070.812167391],[1267412.48149522,234084.670735478],[1267418.4247248,234098.454172477],[1267422.36828648,234110.890499309],[1267428.31217222,234124.710353553],[1267436.2002798,234137.069252729],[1267440.0349178,234143.962283567],[1267445.92335747,234154.973744482],[1267453.56474639,234167.337564886],[1267461.48074105,234181.118705302],[1267467.39641164,234193.516318306],[1267471.34095755,234205.989062399],[1267475.31175014,234219.811213225],[1267479.55714847,234235.050684065],[1267481.55583213,234248.911876813],[1267481.85701264,234264.229103386],[1267485.88325131,234280.859319478],[1267486.42951006,234308.648962066],[1267487.90621313,234383.776108399],[1267492.39144039,234611.929195389],[1267492.4737893,234616.123412728],[1267500.98459905,234848.356544062],[1267501.28577955,234863.673770636],[1267497.5603933,234874.87453565],[1267497.77889681,234885.9975449],[1267492.62962888,234900.035574555],[1267485.2612053,234914.080493972],[1267478.08536664,234925.38558948],[1267468.77206506,234940.855374813],[1267461.51387747,234947.966581061],[1267455.98108014,234955.043666646],[1267444.77801855,234962.195883304],[1267431.90468472,234972.189957812],[1267415.11502014,234983.684029311],[1267413.38962989,234983.718149975],[1267388.98482305,234996.711890399],[1267203.03539181,235108.907860219],[1267192.16238205,235120.28579022],[1267179.01444247,235128.86254473],[1267166.14143673,235138.856947303],[1267156.99381723,235150.201084733],[1267145.79108372,235157.353301391],[1267136.75271598,235174.240734816],[1267127.57720938,235184.162302896],[1267120.18155488,235196.821726397],[1267107.61005773,235222.133355558],[1267100.2698493,235237.600844309],[1267094.87353463,235251.607377976],[1267087.75281397,235265.684449553],[1267084.16456656,235283.850751802],[1267082.71279781,235297.779529721],[1267082.98674738,235311.710932314],[1267079.53563881,235324.292928144],[1267079.89160922,235342.381474644],[1267081.64357422,235431.40360631],[1267081.89029288,235443.949184895],[1267085.94310631,235461.928807721],[1267086.19015306,235474.474386305],[1267088.13437489,235485.563602969],[1267092.32465522,235497.995008558],[1267096.15929322,235504.887711316],[1267100.07562397,235515.938214138],[1267109.82593256,235535.228529885],[1267117.6044603,235542.043804973],[1267123.49289997,235553.055593982],[1267131.07949898,235562.647438303],[1267144.60899948,235573.508637056],[1267152.19559847,235583.100481391],[1267158.08469431,235594.148687646],[1267167.67063314,235605.087314054],[1267179.28281464,235618.759202719],[1267188.89598438,235631.083981231],[1267202.67253163,235654.490758553],[1267210.28603347,235665.468426898],[1267214.25781031,235679.32699497],[1267218.42053165,235690.372576565],[1267220.39198439,235702.847617224],[1267224.69184455,235720.859064147],[1267224.8562143,235729.210425392],[1267228.9369148,235748.612617552],[1267229.42969598,235773.667029396],[1267231.15377389,235861.303337052],[1267232.65902022,235937.816307396],[1267237.28466713,236172.934931636],[1267247.11273147,236484.494019806],[1266953.79343621,236490.266646057],[1266927.41947322,236490.78600198],[1266656.53090739,236496.121621221],[1266587.04876289,236498.877193138],[1266353.87272005,236503.473968729],[1266323.80125789,236504.067143396],[1266054.88480097,236509.372578979],[1265755.92411281,236516.661606386],[1265714.4871878,236516.093694136],[1265690.08500564,236516.575648561],[1265603.56844638,236518.284962729],[1265513.38194697,236521.453591555],[1265454.96474098,236522.608444899],[1265424.9208378,236524.588755891],[1265246.24567021,236529.508037388],[1265206.83531597,236531.674043566],[1265190.15719973,236536.19962506],[1265176.9016488,236539.234395891],[1265152.71961056,236550.840343803],[1265128.51034139,236561.06046772],[1265106.02613439,236571.246470973],[1265093.0179583,236574.313065886],[1265076.01044638,236574.649679393],[1264995.16349523,236576.249741808],[1264991.46599606,236576.322904393],[1264920.01272689,236579.123423725],[1264871.20869064,236580.089629143],[1264825.77210172,236576.793703973],[1264825.88955556,236580.880309969]]},"properties":{"OBJECTID":306,"SegID":null,"GroupID":null,"OutsideSEA":null,"Shape_Leng":null,"Tier_updat":"Medium","Comments":null}},{"type":"Feature","id":307,"geometry":{"type":"LineString","coordinates":[[1256669.7533088,202627.386865392],[1257030.72076271,202613.424622983],[1257351.34807423,202600.755356982],[1257671.88614705,202588.128741816],[1257987.69817947,202575.690446481],[1257999.06495464,202575.016235232],[1258325.6574773,202555.640617803],[1258662.89466372,202535.753190398],[1258995.44977289,202520.307355136],[1259261.98073588,202507.854952231],[1260242.09458931,202479.401268974],[1260267.73364563,202477.865510896],[1260293.22079939,202474.686055303],[1260339.70594265,202466.296636388],[1260395.6730223,202446.997790471],[1260447.78020155,202418.049029469],[1260477.30934197,202394.716398969],[1260501.83521156,202373.90541698],[1260524.60813189,202351.189255059],[1260545.48341823,202326.718175396],[1260564.3242598,202300.648345649],[1260580.24647206,202271.854111895],[1260595.43016872,202244.396161556],[1260607.49379289,202214.57896398],[1260643.62561038,202113.797341391],[1260656.99074113,202076.519200727],[1260755.70511064,201801.175263226],[1260860.53790621,201330.483291224],[1260922.87833272,201095.923392892],[1260924.44624297,201093.21014373],[1260927.39407173,201088.946044639],[1260932.85829964,201081.042189062],[1260942.22606306,201069.593064979],[1260982.84704481,201027.346758395],[1261026.68521172,200988.447557971],[1261073.46398956,200953.140541971],[1261122.89138414,200921.646510482],[1261173.89357872,200894.567824483],[1261174.65538822,200894.163297728],[1261228.43251164,200870.863147482],[1261283.88548473,200851.892712981],[1261340.66588297,200837.370432302],[1261398.41806406,200827.38718456],[1261456.60462748,200822.023022056],[1261456.77818355,200822.006945983],[1261696.39811113,200809.458414644],[1261726.15330097,200806.621478066],[1261755.56236289,200801.255675137],[1261784.40744956,200793.3984074],[1261812.47530681,200783.108073637],[1261839.56350721,200770.459148809],[1261865.47388847,200755.545136645],[1261890.01550606,200738.475288898],[1261895.8904943,200733.594065055],[1261913.0105388,200719.370668307],[1261934.29232039,200698.374975398],[1262073.17918172,200437.527071893],[1262087.17882563,200407.143930554],[1262253.08695839,200047.081002399],[1262331.44113238,199891.059660897],[1262331.93358546,199890.37790373],[1262332.52216697,199889.56852214],[1262333.11304505,199888.761109054],[1262333.70687589,199887.955008313],[1262334.30300331,199887.151532233],[1262334.90175539,199886.349368483],[1262335.50313213,199885.549829394],[1262336.10680547,199884.75160265],[1262336.71310347,199883.956000566],[1262337.32136998,199883.162038893],[1262337.93258922,199882.370045722],[1262338.54610506,199881.580021054],[1262339.16224556,199880.792621061],[1262339.78035456,199880.007189557],[1262340.40108822,199879.223726556],[1262340.96276689,199878.442232057],[1262341.58842181,199877.662706062],[1262342.21637331,199876.885476649],[1262342.84727755,199876.109559566],[1262343.48047839,199875.335610971],[1262344.11663197,199874.563630894],[1262344.75508215,199873.793291226],[1262345.39615697,199873.02524814],[1262346.03985648,199872.259173557],[1262346.68585256,199871.495067477],[1262347.33447331,199870.732929885],[1262347.98506255,199869.972760811],[1262348.63860455,199869.214560226],[1262349.29444315,199868.458656222],[1262349.95257831,199867.704720721],[1262350.61301005,199866.952753723],[1262351.27573839,199866.203083307],[1262351.94109139,199865.455381393],[1262352.60841289,199864.710304141],[1262353.27835906,199863.967195392],[1262353.9506018,199863.226383224],[1262354.62448497,199862.48753956],[1262355.3013209,199861.751320556],[1262355.97979721,199861.017070055],[1262356.66089822,199860.28544423],[1262357.34363964,199859.555786893],[1262358.00341523,199858.837940559],[1262358.69140597,199858.112548307],[1262359.3816933,199857.389452636],[1262360.0746053,199856.668653563],[1262360.7694858,199855.949494898],[1262361.46731906,199855.232304722],[1262362.1671208,199854.517739221],[1262362.86921914,199853.804814145],[1262363.57427022,199853.094513729],[1262364.28096172,199852.385853723],[1262364.98994981,199851.679818392],[1262365.70156255,199850.976079643],[1262366.4151438,199850.274309397],[1262367.13102163,199849.575163811],[1262367.84919606,199848.877986729],[1262368.56933898,199848.183106229],[1262369.29177848,199847.490850389],[1262370.01618648,199846.800891146],[1262370.74321914,199846.112900391],[1262371.47156414,199845.427534312],[1262372.20253381,199844.744792894],[1262372.93547197,199844.064019978],[1262373.67005056,199843.386199802],[1262374.40692572,199842.710676223],[1262375.14609747,199842.037777305],[1262375.86984931,199841.360613316],[1262376.61295806,199840.692307562],[1262377.35836339,199840.026298389],[1262378.1060653,199839.362585813],[1262378.8560638,199838.700841725],[1262379.60803081,199838.041394219],[1262380.36262247,199837.384571388],[1262381.11885455,199836.729717061],[1262381.87738322,199836.077487394],[1262382.63853656,199835.427226231],[1262383.40133031,199834.779917806],[1262384.16609256,199834.134249806],[1262384.9328233,199833.491534561],[1262385.70250681,199832.851115897],[1262386.47350264,199832.212993816],[1262387.24679506,199831.577496395],[1262388.02139981,199830.944623649],[1262388.79862922,199830.314047471],[1262389.57782714,199829.685767889],[1262390.35833739,199829.060441062],[1262391.14081614,199828.437738895],[1262391.92559147,199827.817333311],[1262392.71200722,199827.199552387],[1262393.50006339,199826.584724233],[1262394.29008806,199825.972192645],[1262395.08175313,199825.362613812],[1262395.95675139,199824.753363058],[1262396.75300963,199824.149033561],[1262397.55156447,199823.547984898],[1262398.35274397,199822.949232817],[1262399.15589197,199822.353761554],[1262399.96100847,199821.760914981],[1262400.76874964,199821.170693055],[1262401.57813123,199820.582767725],[1262402.38980938,199819.997467056],[1262403.20312797,199819.414791062],[1262404.01841505,199818.834411636],[1262404.83534256,199818.2566569],[1262405.65391047,199817.681198731],[1262406.4741188,199817.108037144],[1262407.29596755,199816.53684406],[1262408.11945672,199815.968275636],[1262408.94425823,199815.401675731],[1262409.77037205,199814.837044314],[1262410.59779823,199814.274381399],[1262411.42620865,199813.714015067],[1262412.25625947,199813.155617222],[1262413.08696647,199812.598531723],[1262413.9189858,199812.043742806],[1262414.7516613,199811.490594313],[1262415.58532105,199810.939414307],[1262416.4130753,199810.395124063],[1262417.25395289,199809.855098888],[1262418.1000798,199809.323603898],[1262418.95112798,199808.79998289],[1262419.80709739,199808.282923564],[1262420.66634764,199807.77242589],[1262421.5292068,199807.266521394],[1262422.39469063,199806.76455389],[1262423.26214297,199806.265867233],[1262424.13123572,199805.769805223],[1262425.00032847,199805.274727479],[1262425.87073356,199804.780305892],[1262426.74081056,199804.285228148],[1262427.60957523,199803.788838059],[1262428.47702755,199803.290479481],[1262430.15648614,199802.30130823],[1262437.95305847,199797.700595647],[1262460.89231706,199786.558229476],[1262472.56716247,199782.013947219],[1262484.65834564,199777.308247983],[1262509.09432039,199770.01101847],[1262534.04144897,199764.714769229],[1262559.33437739,199761.454933226],[1262578.5210188,199760.55992189],[1262595.31462039,199760.559593812],[1262612.10822198,199761.300734058],[1262630.38377596,199763.523170561],[1262646.43656538,199765.992981896],[1262679.03656581,199774.142243803],[1262709.47056006,199785.109741554],[1262710.39083381,199785.501473054],[1262711.31045139,199785.895829231],[1262712.22908472,199786.292481974],[1262713.14706188,199786.69110322],[1262714.06372672,199787.092677221],[1262714.97940731,199787.496219724],[1262715.89377555,199787.903043061],[1262716.80715956,199788.311834887],[1262717.71923122,199788.723579481],[1262718.62966247,199789.137948722],[1262719.53910947,199789.555270731],[1262720.44691606,199789.975545481],[1262721.3534103,199790.398444891],[1262722.25826414,199790.824953228],[1262723.16147755,199791.254086226],[1262724.06305055,199791.686500058],[1262724.96298313,199792.121866643],[1262725.86094722,199792.560185969],[1262726.75727089,199793.002442315],[1262727.6234109,199793.446010977],[1262728.51678181,199793.893844724],[1262729.40916847,199794.344959304],[1262730.30024281,199794.798698559],[1262731.18967672,199795.255718648],[1262732.07779831,199795.715363398],[1262732.96526372,199796.178288981],[1262733.85076064,199796.643511146],[1262734.7352733,199797.112014145],[1262735.61814556,199797.582813725],[1262736.49937738,199798.057222232],[1262737.37929688,199798.533599228],[1262738.25757597,199799.013585135],[1262739.13454272,199799.49586764],[1262740.00986905,199799.980774805],[1262740.88388306,199800.468962803],[1262741.75560047,199800.959775478],[1262742.62633364,199801.452884719],[1262743.49509831,199801.948946729],[1262744.36222255,199802.447961479],[1262745.22770639,199802.948944733],[1262746.09122172,199803.453208804],[1262746.95309664,199803.960097566],[1262747.81333114,199804.469282895],[1262748.67192522,199804.981420979],[1262749.54692347,199805.493230969],[1262750.40190864,199806.010618389],[1262751.25558147,199806.530958563],[1262752.10761389,199807.054251477],[1262752.95833397,199807.580169067],[1262753.80708556,199808.109039396],[1262754.65485288,199808.640534386],[1262755.50065172,199809.174654067],[1262756.34481014,199809.711726472],[1262757.18765622,199810.251423553],[1262758.0285338,199810.794073388],[1262758.86777097,199811.339019805],[1262759.70536771,199811.886590898],[1262760.54132405,199812.43711473],[1262761.37531188,199812.990263224],[1262762.2076593,199813.545708314],[1262763.0383663,199814.104106143],[1262763.86677672,199814.665128648],[1262764.69354673,199815.22844772],[1262765.51834822,199815.794719562],[1262766.3415093,199816.36328797],[1262767.16237381,199816.934152976],[1262767.98159789,199817.507642642],[1262768.79885347,199818.083756983],[1262769.61381248,199818.662167892],[1262770.41663238,199819.23926647],[1262771.22765438,199819.823254809],[1262772.03670789,199820.410195887],[1262772.84346481,199820.999761641],[1262773.64858131,199821.593264386],[1262774.45140122,199822.189063728],[1262775.25225264,199822.787815809],[1262776.05113555,199823.389192566],[1262776.84837806,199823.993522063],[1262777.64365205,199824.599820063],[1262778.43728563,199825.209070817],[1262779.22862265,199825.820946231],[1262780.0186473,199826.434790149],[1262780.80703156,199827.051258728],[1262781.5934473,199827.670023888],[1262782.37789455,199828.290757567],[1262783.16102947,199828.913787812],[1262783.94285205,199829.538458481],[1262784.72270614,199830.165425733],[1262785.5009198,199830.794033393],[1262786.27782114,199831.424609557],[1262787.05308205,199832.056826144],[1262787.82703064,199832.69101122],[1262788.59901072,199833.326508641],[1262789.37000656,199833.963646472],[1262790.14001814,199834.602096647],[1262790.88115838,199835.235625565],[1262791.64920147,199835.87571615],[1262792.41691647,199836.516134813],[1262793.18463147,199837.156881556],[1262793.9516903,199837.797956392],[1262794.71907721,199838.439687386],[1262795.48580797,199839.081418395],[1262796.25221063,199839.723477483],[1262797.01828521,199840.365536556],[1262797.78468789,199841.008579895],[1262798.5504344,199841.651623219],[1262799.31585281,199842.294994637],[1262800.08094314,199842.938366055],[1262800.84603347,199843.582393646],[1262801.61079572,199844.226749316],[1262802.37555797,199844.871104971],[1262803.13999213,199845.515788719],[1262803.90409823,199846.160472482],[1262804.66820431,199846.806140482],[1262805.43198231,199847.45115231],[1262806.19543222,199848.09682031],[1262806.95888214,199848.742816389],[1262807.72233206,199849.388812482],[1262808.48545389,199850.03513664],[1262809.24824764,199850.681460813],[1262810.01104139,199851.328441143],[1262810.77383514,199851.975093395],[1262811.53630081,199852.622073725],[1262812.29843839,199853.269382149],[1262813.06090406,199853.916690558],[1262813.82304163,199854.564327061],[1262814.58485113,199855.211963564],[1262815.34666064,199855.859600052],[1262816.10879822,199856.507564649],[1262816.87027964,199857.15585731],[1262817.63176106,199857.803821892],[1262818.39324248,199858.452114552],[1262819.15472388,199859.100407228],[1262819.9162053,199859.749027982],[1262820.67703055,199860.397648722],[1262821.43851197,199861.046269476],[1262822.19933721,199861.694890231],[1262822.96081863,199862.343839064],[1262823.72164389,199862.992459804],[1262824.48246914,199863.641408637],[1262825.24362247,199864.290357471],[1262826.00444773,199864.939306304],[1262826.76527297,199865.588255137],[1262827.5264263,199866.237203971],[1262828.28725156,199866.886480898],[1262829.04807681,199867.535429731],[1262829.80890206,199868.184378564],[1262830.5697273,199868.833655477],[1262831.33055255,199869.48260431],[1262832.09170589,199870.131553143],[1262832.85253114,199870.780501977],[1262833.61368448,199871.42945081],[1262834.37450972,199872.078071564],[1262835.13566306,199872.727020398],[1262835.89648831,199873.375969231],[1262836.65764163,199874.024918064],[1262837.41912305,199874.672882646],[1262838.18027639,199875.32183148],[1262838.9417578,199875.97012414],[1262839.70323922,199876.618744895],[1262840.46439256,199877.266709477],[1262841.22620206,199877.914674059],[1262841.98801155,199878.562966719],[1262842.74949297,199879.210603222],[1262843.51163055,199879.858567804],[1262844.27376814,199880.505876228],[1262845.03590572,199881.153512731],[1262845.79804331,199881.80082114],[1262846.56050897,199882.448129565],[1262847.32330272,199883.094781816],[1262848.08576839,199883.741762146],[1262848.84856214,199884.388086304],[1262849.61168396,199885.034738556],[1262850.37480581,199885.681062728],[1262851.13825572,199886.327058807],[1262851.90170564,199886.972398728],[1262852.66548364,199887.618066728],[1262853.42958972,199888.263406649],[1262854.19336772,199888.908746555],[1262854.95780189,199889.553430304],[1262855.72223605,199890.197785974],[1262856.4869983,199890.842141643],[1262857.25176056,199891.486497313],[1262858.01717897,199892.13019681],[1262858.78259739,199892.773896307],[1262859.54834388,199893.416939646],[1262860.31409039,199894.059654891],[1262861.08016497,199894.702370137],[1262861.84623955,199895.344429225],[1262862.61297031,199895.986488312],[1262863.38002914,199896.628219306],[1262864.14708798,199897.269622222],[1262864.91447489,199897.910368979],[1262865.68218988,199898.551115721],[1262866.45023297,199899.1915344],[1262867.25731798,199899.831296891],[1262868.02732955,199900.469418973],[1262868.79865347,199901.105900645],[1262869.57161781,199901.741069973],[1262870.34589447,199902.374598891],[1262871.12181155,199903.006487399],[1262871.89936906,199903.636079311],[1262872.67823888,199904.264030814],[1262873.45874915,199904.890341893],[1262874.2408998,199905.514028311],[1262875.02469088,199906.136074305],[1262875.81012239,199906.755823731],[1262876.5971943,199907.37360464],[1262877.38590664,199907.988760889],[1262878.17691556,199908.601620555],[1262878.96956488,199909.212183639],[1262879.76385464,199909.819793969],[1262880.56011289,199910.425107732],[1262881.35833964,199911.027468726],[1262882.15853488,199911.627533138],[1262882.96037056,199912.224316731],[1262883.76450281,199912.818475649],[1262884.57060355,199913.409681812],[1262885.37867281,199913.997607142],[1262886.17066596,199914.590781808],[1262886.98267221,199915.173457816],[1262887.79697506,199915.753181055],[1262888.61357448,199916.330279648],[1262889.43148622,199916.905409724],[1262890.25169456,199917.477915138],[1262891.07419947,199918.047467813],[1262891.89801672,199918.61505197],[1262892.72380248,199919.179683387],[1262893.55155672,199919.742018223],[1262894.38095139,199920.301400304],[1262895.21264264,199920.858485803],[1262896.0459743,199921.412946641],[1262896.8806183,199921.964782804],[1262897.71723081,199922.513666227],[1262898.55581181,199923.060253054],[1262899.39603323,199923.603887141],[1262900.23756698,199924.144896552],[1262901.08074114,199924.683281302],[1262901.92555572,199925.21838522],[1262902.77233881,199925.751520649],[1262903.62043422,199926.281375229],[1262904.46984197,199926.808605149],[1262905.32089014,199927.332554221],[1262906.17357872,199927.854206726],[1262907.09778947,199928.365032479],[1262907.9537589,199928.881107554],[1262908.8116968,199929.394557983],[1262909.67127514,199929.905383721],[1262910.53249389,199930.413584813],[1262911.39568114,199930.91916123],[1262912.26050881,199931.422112972],[1262913.1266488,199931.922440052],[1262913.99508539,199932.419814393],[1262914.86483431,199932.914564058],[1262915.73622364,199933.406689063],[1262916.6089253,199933.895861313],[1262917.48359548,199934.382080808],[1262918.35990605,199934.866331816],[1262919.23752896,199935.346973896],[1262920.11646423,199935.824991316],[1262920.99703988,199936.30038406],[1262921.87892789,199936.773152143],[1262922.76212822,199937.242639393],[1262923.64664088,199937.709173888],[1262924.53312205,199938.173083723],[1262925.42025939,199938.634040803],[1262926.30903713,199939.092045143],[1262927.19912723,199939.547424808],[1262928.03967673,199940.007397637],[1262928.93239146,199940.456543729],[1262929.82674664,199940.903393224],[1262930.72274221,199941.347289979],[1262931.61972205,199941.787905887],[1262932.51899847,199942.226553306],[1262933.41958722,199942.661919892],[1262934.32148831,199943.094989896],[1262935.22502981,199943.524779066],[1262936.12988363,199943.951615483],[1262937.0360498,199944.375827223],[1262937.94385639,199944.797414303],[1262938.85297531,199945.215720564],[1262939.76307847,199945.631730229],[1262940.67482206,199946.044130981],[1262941.58787797,199946.454235137],[1262942.50224622,199946.861058474],[1262943.41727065,199947.264929056],[1262944.33426355,199947.666174978],[1262945.25191264,199948.064140067],[1262946.17054597,199948.459152386],[1262947.09081972,199948.85121198],[1262948.01174964,199949.240318805],[1262948.93399189,199949.62647289],[1262949.85721838,199950.009346142],[1262950.85820064,199950.387298137],[1262951.78372373,199950.764593974],[1262952.71055914,199951.138937056],[1262953.63936305,199951.510327399],[1262954.56882314,199951.879093066],[1262955.49992363,199952.244905978],[1262956.43200839,199952.607766137],[1262957.36540547,199952.967673555],[1262958.30011488,199953.32430014],[1262959.23646472,199953.678302065],[1262960.17347072,199954.029679313],[1262961.11146097,199954.37744765],[1262962.05076356,199954.722591311],[1262962.99137847,199955.065110311],[1262963.93330573,199955.404020399],[1262964.87523296,199955.740305811],[1262965.81880064,199956.07331039],[1262966.76368064,199956.403690308],[1262967.7092168,199956.730461314],[1262968.65508105,199957.054607645],[1262969.60291381,199957.375473142],[1262970.55041847,199957.693713978],[1262971.49956356,199958.008345887],[1262972.44936481,199958.319696978],[1262973.35585906,199958.631376147],[1262974.30730072,199958.936821729],[1262975.26005472,199959.23964265],[1262976.21379296,199959.539182723],[1262977.16884355,199959.836098149],[1262978.12487839,199960.129732728],[1262979.08189747,199960.420414552],[1262980.04022889,199960.708143637],[1262980.99954456,199960.992919981],[1262981.95984447,199961.274415478],[1262982.92047247,199961.553286314],[1262983.88241281,199961.828876317],[1262984.84566547,199962.101513565],[1262985.80924623,199962.370869979],[1262986.7741393,199962.637601733],[1262987.73936047,199962.90072456],[1262988.70556588,199963.161222726],[1262989.67242748,199963.418440059],[1262990.6402733,199963.672376558],[1262991.6087753,199963.923688397],[1262992.57760538,199964.171719387],[1262993.54741973,199964.416469559],[1262994.51756214,199964.657938898],[1262995.48836072,199964.896783561],[1262996.45948739,199965.132019311],[1262997.39616531,199965.369879723],[1262998.36893238,199965.598881885],[1262999.34301181,199965.824931309],[1263000.31807548,199966.048027977],[1263001.29313914,199966.267515719],[1263002.26984322,199966.484050721],[1263003.24687539,199966.697632983],[1263004.22521989,199966.907934397],[1263005.20389247,199967.115283057],[1263006.1835493,199967.319678977],[1263007.16353422,199967.520794064],[1263008.14483148,199967.718956396],[1263009.12580064,199967.914165974],[1263010.10841022,199968.106094733],[1263011.09101981,199968.294742644],[1263012.07428555,199968.480765894],[1263013.05820747,199968.66383639],[1263014.04245748,199968.843297973],[1263015.02703555,199969.020134896],[1263016.01226981,199969.194019064],[1263016.99783213,199969.364294305],[1263017.98339447,199969.531944886],[1263018.96961297,199969.696970806],[1263019.95615956,199969.858387813],[1263020.94303422,199970.016852066],[1263021.96829464,199970.164817646],[1263022.95680971,199970.312455148],[1263023.94598097,199970.45418714],[1263024.93613647,199970.590341732],[1263025.92727622,199970.721246973],[1263026.91907214,199970.847559065],[1263027.91119614,199970.969606057],[1263028.90430439,199971.088044137],[1263029.89741264,199971.202873304],[1263030.89150514,199971.315077811],[1263031.88592573,199971.424657643],[1263032.8803463,199971.532268971],[1263033.87509497,199971.63823989],[1263034.87017173,199971.743226558],[1263035.86557655,199971.847557053],[1263036.86065331,199971.951559469],[1263037.85573006,199972.055889979],[1263038.8508068,199972.161204726],[1263039.84555547,199972.267503724],[1263040.84063222,199972.374786973],[1263041.83472472,199972.485022977],[1263042.82848914,199972.59689939],[1263043.99121647,199972.733382061],[1263045.41903514,199972.902016893],[1263066.21361297,199974.094599813]]},"properties":{"OBJECTID":307,"SegID":null,"GroupID":null,"OutsideSEA":null,"Shape_Leng":null,"Tier_updat":"Low","Comments":null}},{"type":"Feature","id":308,"geometry":{"type":"LineString","coordinates":[[1275398.56722906,252685.137471482],[1275403.80475138,252725.439228147],[1275408.09804989,253187.958316222],[1275408.15513639,253192.35856989],[1275408.63348189,253204.178428143],[1275409.58131464,253215.970399305],[1275410.99929081,253227.714470312],[1275412.88544188,253239.39325273],[1275415.23550281,253250.98706156],[1275418.04553655,253262.478180304],[1275421.31226231,253273.848236308],[1275425.02977456,253285.078200728],[1275438.33519414,253341.425857052],[1275484.04901347,253513.604974642]]},"properties":{"OBJECTID":308,"SegID":"J1_2B","GroupID":"J1","OutsideSEA":0,"Shape_Leng":null,"Tier_updat":"Medium","Comments":null}},{"type":"Feature","id":309,"geometry":{"type":"LineString","coordinates":[[1268405.88502023,240618.45819281],[1268422.92501239,240942.712137476],[1268437.85050747,241231.500929981],[1268463.85734522,241734.694477394],[1268475.83665197,241952.262939885],[1268487.06628831,242156.218568727],[1268492.22244596,242249.862082228],[1268497.85793339,242356.524270475],[1268502.59906563,242447.483406141],[1268502.66632272,242447.536555648],[1268506.35758831,242517.418305635],[1268516.53637372,242710.093773305],[1268520.44679897,242784.103467807],[1268527.01535539,242908.458534062],[1268534.55405422,243051.127868146],[1268540.8083068,243169.51575473],[1268541.2492508,243177.863835141],[1268544.74563488,243244.051366806],[1268546.3968783,243277.017180145],[1268566.07072347,243669.782142639],[1268567.82859397,243702.746971726],[1268574.07890956,243819.919637635],[1268574.19898805,243822.158150226],[1268574.1999723,243822.200144887],[1268584.50014855,244014.899890721],[1268588.79902448,244095.179913893],[1268588.80000871,244095.199926972],[1268604.00010955,244378.099951729],[1268614.32292356,244570.96537964],[1268617.91379564,244637.811702639],[1268619.84161331,244673.700410396],[1268628.6998633,244837.499951556],[1268631.89998814,244897.699962392],[1268751.90007623,244895.400754392],[1268821.84547439,244894.060862064],[1268631.87472571,244897.729817972],[1268629.93772171,244897.76689139],[1268607.38756998,244898.202586055]]},"properties":{"OBJECTID":309,"SegID":null,"GroupID":null,"OutsideSEA":null,"Shape_Leng":null,"Tier_updat":"Low","Comments":null}},{"type":"Feature","id":310,"geometry":{"type":"LineString","coordinates":[[1267276.63924722,241286.767879814],[1267250.5864778,241371.740806982],[1267250.48378772,241372.0515019],[1267222.39919822,241425.098639891],[1267135.34851931,241562.281764477],[1267014.19095322,241732.137395889],[1266982.13524306,241771.472619057],[1266824.78286748,242005.897347063],[1266667.91310248,242293.089029893],[1266655.75302181,242293.361010969],[1266668.57747123,242374.342476308],[1266669.3100813,242464.002401978],[1266671.66965663,242753.097952396],[1266671.68212381,242754.553658143],[1266675.42883547,243213.299787894],[1266675.67424181,243243.30169639],[1266675.06531914,243549.297475472],[1266674.97968939,243592.323636144],[1266674.95311464,243605.60740222],[1266670.67261139,243635.034836814],[1266673.20935172,243835.108911723],[1266673.55187072,243862.108857721],[1266674.54465088,243940.409882233],[1266675.92292897,244049.210517645],[1266428.70327905,244054.752829388],[1266168.73660739,244060.580901727],[1266028.77494505,244063.718034565],[1266028.74508947,244062.390281305],[1265858.10402656,244067.545126647],[1265598.0976568,244073.375495553],[1265609.03562705,244532.691506058],[1265618.11270864,244898.951272219],[1265618.86237906,244929.20842956],[1265619.69702305,244962.885199472],[1265657.82457148,244978.472438648],[1265676.83437598,244990.772610888],[1265690.2529843,245000.836895227],[1265704.7903568,245016.492047638],[1265713.73587698,245036.619960144],[1265717.09020098,245069.048372969],[1265721.26079631,245226.225552052]]},"properties":{"OBJECTID":310,"SegID":null,"GroupID":null,"OutsideSEA":null,"Shape_Leng":null,"Tier_updat":"Low","Comments":null}},{"type":"Feature","id":311,"geometry":{"type":"LineString","coordinates":[[1280341.55274989,265195.911334395],[1280327.05245081,265215.665231898],[1280317.86185239,265242.089063555],[1280309.81954564,265283.448560894],[1280323.7611188,265763.704162061],[1280323.85298213,265765.708095059],[1280323.94386122,265767.704154059],[1280325.22437046,265795.675226733]]},"properties":{"OBJECTID":311,"SegID":null,"GroupID":null,"OutsideSEA":null,"Shape_Leng":null,"Tier_updat":"Medium","Comments":null}},{"type":"Feature","id":312,"geometry":{"type":"LineString","coordinates":[[1263899.93307413,234387.803659394],[1263770.30866148,234391.032327473]]},"properties":{"OBJECTID":312,"SegID":null,"GroupID":null,"OutsideSEA":null,"Shape_Leng":null,"Tier_updat":"Low","Comments":null}},{"type":"Feature","id":313,"geometry":{"type":"LineString","coordinates":[[1263439.52913931,234398.00311406],[1263257.03114472,234402.113013983]]},"properties":{"OBJECTID":313,"SegID":null,"GroupID":null,"OutsideSEA":null,"Shape_Leng":null,"Tier_updat":"Low","Comments":null}},{"type":"Feature","id":314,"geometry":{"type":"LineString","coordinates":[[1262803.79943964,235292.416023389],[1262816.58484714,235734.576228306]]},"properties":{"OBJECTID":314,"SegID":null,"GroupID":null,"OutsideSEA":null,"Shape_Leng":null,"Tier_updat":"Low","Comments":null}},{"type":"Feature","id":315,"geometry":{"type":"LineString","coordinates":[[1262887.56862906,238197.950238556],[1262890.64211372,238312.907357723],[1262891.52432981,238345.896793053]]},"properties":{"OBJECTID":315,"SegID":null,"GroupID":null,"OutsideSEA":null,"Shape_Leng":null,"Tier_updat":"Low","Comments":null}},{"type":"Feature","id":316,"geometry":{"type":"LineString","coordinates":[[1263770.30866148,234391.032327473],[1263578.99998897,234394.894196391]]},"properties":{"OBJECTID":316,"SegID":null,"GroupID":null,"OutsideSEA":null,"Shape_Leng":null,"Tier_updat":"Low","Comments":null}},{"type":"Feature","id":317,"geometry":{"type":"LineString","coordinates":[[1263108.55178289,234405.380723983],[1262935.07279913,234409.333800063]]},"properties":{"OBJECTID":317,"SegID":null,"GroupID":null,"OutsideSEA":null,"Shape_Leng":null,"Tier_updat":"Low","Comments":null}},{"type":"Feature","id":318,"geometry":{"type":"LineString","coordinates":[[1262835.93159322,236392.544728637],[1262855.13234222,237062.344898224]]},"properties":{"OBJECTID":318,"SegID":null,"GroupID":null,"OutsideSEA":null,"Shape_Leng":null,"Tier_updat":"Low","Comments":null}},{"type":"Feature","id":319,"geometry":{"type":"LineString","coordinates":[[1262874.90690897,237724.384584635],[1262880.84652963,237946.536371306],[1262881.10243464,237956.112467647]]},"properties":{"OBJECTID":319,"SegID":null,"GroupID":null,"OutsideSEA":null,"Shape_Leng":null,"Tier_updat":"Low","Comments":null}},{"type":"Feature","id":320,"geometry":{"type":"LineString","coordinates":[[1264817.05427139,234367.548450559],[1264722.34120622,234369.336832806],[1264543.66964756,234373.429016232]]},"properties":{"OBJECTID":320,"SegID":null,"GroupID":null,"OutsideSEA":null,"Shape_Leng":null,"Tier_updat":"Low","Comments":null}},{"type":"Feature","id":321,"geometry":{"type":"LineString","coordinates":[[1264543.66964756,234373.429016232],[1264431.57275888,234376.262671977]]},"properties":{"OBJECTID":321,"SegID":null,"GroupID":null,"OutsideSEA":null,"Shape_Leng":null,"Tier_updat":"Low","Comments":null}},{"type":"Feature","id":322,"geometry":{"type":"LineString","coordinates":[[1264100.95826264,234383.290545061],[1263899.93307413,234387.803659394]]},"properties":{"OBJECTID":322,"SegID":null,"GroupID":null,"OutsideSEA":null,"Shape_Leng":null,"Tier_updat":"Low","Comments":null}},{"type":"Feature","id":323,"geometry":{"type":"LineString","coordinates":[[1262855.13234222,237062.344898224],[1262870.84458114,237588.382560059],[1262873.94496864,237692.178612307],[1262874.90690897,237724.384584635]]},"properties":{"OBJECTID":323,"SegID":null,"GroupID":null,"OutsideSEA":null,"Shape_Leng":null,"Tier_updat":"Low","Comments":null}},{"type":"Feature","id":324,"geometry":{"type":"LineString","coordinates":[[1264431.57275888,234376.262671977],[1264221.7559213,234380.578936309]]},"properties":{"OBJECTID":324,"SegID":null,"GroupID":null,"OutsideSEA":null,"Shape_Leng":null,"Tier_updat":"Low","Comments":null}},{"type":"Feature","id":325,"geometry":{"type":"LineString","coordinates":[[1262881.10243464,237956.112467647],[1262881.38228972,237966.574388981],[1262884.03123455,238065.646697387],[1262886.73693781,238166.843673483],[1262887.56862906,238197.950238556]]},"properties":{"OBJECTID":325,"SegID":null,"GroupID":null,"OutsideSEA":null,"Shape_Leng":null,"Tier_updat":"Low","Comments":null}},{"type":"Feature","id":326,"geometry":{"type":"LineString","coordinates":[[1262790.68562073,234849.831606731],[1262803.79943964,235292.416023389]]},"properties":{"OBJECTID":326,"SegID":null,"GroupID":null,"OutsideSEA":null,"Shape_Leng":null,"Tier_updat":"Low","Comments":null}},{"type":"Feature","id":327,"geometry":{"type":"LineString","coordinates":[[1262777.87790355,234412.81246765],[1262790.68562073,234849.831606731]]},"properties":{"OBJECTID":327,"SegID":null,"GroupID":null,"OutsideSEA":null,"Shape_Leng":null,"Tier_updat":"Low","Comments":null}},{"type":"Feature","id":328,"geometry":{"type":"LineString","coordinates":[[1264221.7559213,234380.578936309],[1264100.95826264,234383.290545061]]},"properties":{"OBJECTID":328,"SegID":null,"GroupID":null,"OutsideSEA":null,"Shape_Leng":null,"Tier_updat":"Low","Comments":null}},{"type":"Feature","id":329,"geometry":{"type":"LineString","coordinates":[[1262816.58484714,235734.576228306],[1262835.93159322,236392.544728637]]},"properties":{"OBJECTID":329,"SegID":null,"GroupID":null,"OutsideSEA":null,"Shape_Leng":null,"Tier_updat":"Low","Comments":null}},{"type":"Feature","id":330,"geometry":{"type":"LineString","coordinates":[[1262935.07279913,234409.333800063],[1262930.07379338,234409.447973058],[1262777.87790355,234412.81246765]]},"properties":{"OBJECTID":330,"SegID":null,"GroupID":null,"OutsideSEA":null,"Shape_Leng":null,"Tier_updat":"Low","Comments":null}},{"type":"Feature","id":331,"geometry":{"type":"LineString","coordinates":[[1263257.03114472,234402.113013983],[1263108.55178289,234405.380723983]]},"properties":{"OBJECTID":331,"SegID":null,"GroupID":null,"OutsideSEA":null,"Shape_Leng":null,"Tier_updat":"Low","Comments":null}},{"type":"Feature","id":332,"geometry":{"type":"LineString","coordinates":[[1263578.99998897,234394.894196391],[1263439.52913931,234398.00311406]]},"properties":{"OBJECTID":332,"SegID":null,"GroupID":null,"OutsideSEA":null,"Shape_Leng":null,"Tier_updat":"Low","Comments":null}},{"type":"Feature","id":333,"geometry":{"type":"MultiLineString","coordinates":[[[1278134.10014381,202753.326574147],[1278969.61782973,202704.62325947],[1278984.2933253,202703.903116554]],[[1278067.80073573,202757.225516483],[1278100.32068381,202755.310165972],[1278126.02601297,202753.797045648],[1278134.10014381,202753.326574147]],[[1276749.40737514,202834.570834219],[1276788.59824164,202828.167959899],[1276979.10573463,202818.139764726]],[[1277638.94824697,202782.482683808],[1278067.80073573,202757.225516483]],[[1282942.43763997,202522.001249388],[1282947.1889428,202521.968441054],[1283608.10231914,202517.599027231]],[[1276979.10573463,202818.139764726],[1277113.83020273,202810.753952727]],[[1278984.2933253,202703.903116554],[1279247.47029239,202688.40281947]],[[1280300.58235939,202626.060752556],[1280450.60240056,202620.063717306],[1280612.85141988,202613.578494057]],[[1280043.4978998,202641.263149977],[1280300.58235939,202626.060752556]],[[1279247.47029239,202688.40281947],[1279511.0068388,202672.985527471]],[[1279787.00694297,202656.415350646],[1280040.62093705,202641.433097139],[1280043.33943555,202641.272336304],[1280043.4978998,202641.263149977]],[[1279511.0068388,202672.985527471],[1279717.97624114,202660.692573056],[1279787.00694297,202656.415350646]],[[1281761.96755998,202569.647807643],[1281784.75885297,202569.436850056],[1281806.19811456,202569.238359645]],[[1281951.48489746,202560.847956479],[1282327.18755814,202545.858157054]],[[1282327.18755814,202545.858157054],[1282927.18865472,202522.106564149],[1282942.43763997,202522.001249388]],[[1283608.10231914,202517.599027231],[1284142.74527872,202513.690570474]],[[1276260.57797222,203011.283735394],[1276304.91056073,203035.691494972],[1276335.27270472,203049.788579643],[1276368.88779497,203061.716377303],[1276397.08098005,203063.88533622],[1276429.12783197,203060.96014522],[1276451.29937555,203053.041525885],[1276472.98666814,203041.113400146],[1276497.92690697,203018.34212023],[1276523.9517893,202989.064291641],[1276549.97667164,202952.195927054],[1276577.08521321,202918.580508724],[1276600.94146472,202897.977859646],[1276629.1346498,202874.121936232],[1276656.53715405,202861.979572058],[1276692.13944505,202841.72928448],[1276749.40737514,202834.570834219]],[[1277354.85793589,202797.776616469],[1277638.94824697,202782.482683808]],[[1281806.19811456,202569.238359645],[1281951.48489746,202560.847956479]],[[1280612.85141988,202613.578494057],[1280929.99547064,202601.651680648],[1281121.94948305,202593.568691567],[1281285.57678047,202587.091014221],[1281613.89797422,202574.094649136],[1281761.96755998,202569.647807643]],[[1277113.83020273,202810.753952727],[1277354.85793589,202797.776616469]]]},"properties":{"OBJECTID":333,"SegID":null,"GroupID":null,"OutsideSEA":null,"Shape_Leng":null,"Tier_updat":"Medium","Comments":null}},{"type":"Feature","id":334,"geometry":{"type":"LineString","coordinates":[[1273614.38018064,262022.089926139],[1272623.38905239,262052.797213808],[1271636.1072343,262081.397878394],[1270960.37039681,262095.273834899]]},"properties":{"OBJECTID":334,"SegID":null,"GroupID":null,"OutsideSEA":null,"Shape_Leng":null,"Tier_updat":"Medium","Comments":null}}]}